track_name,analysis_level,model_id,r2,rmse,mae,n_test,source_table,claim_level,source_role,interpretation_note,display_level,phase5_evidence_class,count_as_independent_headline,phase5_overlap_related_flag,phase5_decision_reason
GSE221384_context_track,01_GC_length_only,M01_GC_length,-0.0934772049072243,1.896216713715393,1.629220282362712,37500.0,ALL_TRACKS_metrics_summary.csv,exploratory_extra,external/context sequence-target branch,,01_GC_length_only,secondary_support,no,yes,external/exploratory support; not primary headline
GSE221384_context_track,02_GC_length_plus_6mer,M02_GC_length_char6,0.129254892851815,1.6921101268955785,1.4070285824072553,37500.0,ALL_TRACKS_metrics_summary.csv,exploratory_extra,external/context sequence-target branch,Closest available table is GC/length + 6-mer; a pure 6-mer-only row was not identified.,02_GC_length_plus_6mer,secondary_support,no,yes,external/exploratory support; not primary headline
GSE221384_context_track,03_grammar_ladder_candidate,M03_GC_length_multi_char6,0.1784044300747667,1.6436606106730005,1.3592621217167762,37500.0,ALL_TRACKS_metrics_summary.csv,exploratory_extra,external/context sequence-target branch,,03_grammar_ladder_best,secondary_support,no,yes,external/exploratory support; not primary headline
GSE221384_context_track,04_grammar_plus_P01_P05_candidate,T04_observable_alignment_proxy,0.2117140378824361,1.609996750848716,1.326798064371269,37500.0,ALL_TRACKS_metrics_summary.csv,exploratory_extra,external/context sequence-target branch,,04_grammar_plus_P01_P05_best,secondary_support,no,yes,external/exploratory support; not primary headline
GSE221384_context_track,05_grammar_plus_nonlinear_head,B08_MLPRegressor_reproducer,0.6728289570324019,,,,PHASE5H_R2_MATRIX_MODELS_BY_TRACK.csv,,,,05_grammar_plus_nonlinear_head,secondary_support,no,yes,external/exploratory support; not primary headline
GSE221384_context_track,06_full_ATLAS_Evo,N09_ATLAS_FullTheory_MLP,0.7439710784066178,,,,PHASE5H_R2_MATRIX_MODELS_BY_TRACK.csv,,,,06_full_ATLAS_Evo,secondary_support,no,yes,external/exploratory support; not primary headline
GSE221384_context_track,07_full_ATLAS_without_uncertainty_proxy_closest_available,N06_ATLAS_T04_ObservableAlignment_MLP,0.7523193706254652,,,,PHASE5H_R2_MATRIX_MODELS_BY_TRACK.csv,,,Closest available nonlinear ATLAS head excluding N07 uncertainty/acquisition proxy; not a perfect engineered leave-one-out ablation.,07_full_ATLAS_without_uncertainty_proxy_closest_available,secondary_support,no,yes,external/exploratory support; not primary headline
GSE221384_context_track,08_uncertainty_acquisition_proxy_head,N07_ATLAS_T05_UncertaintyEnsemble_MLP,0.7769827226219332,,,,PHASE5H_R2_MATRIX_MODELS_BY_TRACK.csv,,,,08_uncertainty_acquisition_proxy_head,secondary_support,no,yes,external/exploratory support; not primary headline
PARM_GSE301246_Task_C_stress_test,01_GC_length_only,M01_GC_length,-0.1454147563776815,0.1613166886707199,0.1025262116502254,32976.0,ALL_TRACKS_metrics_summary.csv,stress_test_boundary,boundary/stress-test branch,,01_GC_length_only,boundary_failure,no,no,stress-test branch; use as boundary evidence
PARM_GSE301246_Task_C_stress_test,02_GC_length_plus_6mer,M02_GC_length_char6,-0.1780956522229646,0.1636018417395175,0.1020187281461221,32976.0,ALL_TRACKS_metrics_summary.csv,stress_test_boundary,boundary/stress-test branch,Closest available table is GC/length + 6-mer; a pure 6-mer-only row was not identified.,02_GC_length_plus_6mer,boundary_failure,no,no,stress-test branch; use as boundary evidence
PARM_GSE301246_Task_C_stress_test,03_grammar_ladder_candidate,M06_GC_length_condition_gated_char6,-0.0388875635281249,0.1536321773004771,0.0772293180340149,32976.0,ALL_TRACKS_metrics_summary.csv,stress_test_boundary,boundary/stress-test branch,,03_grammar_ladder_best,boundary_failure,no,no,stress-test branch; use as boundary evidence
PARM_GSE301246_Task_C_stress_test,04_grammar_plus_P01_P05_candidate,T01_mutational_prior_proxy,-0.1454526402705984,0.1613193563740973,0.1025268334972342,32976.0,ALL_TRACKS_metrics_summary.csv,stress_test_boundary,boundary/stress-test branch,,04_grammar_plus_P01_P05_best,boundary_failure,no,no,stress-test branch; use as boundary evidence
PARM_GSE301246_Task_C_stress_test,05_grammar_plus_nonlinear_head,B08_MLPRegressor_reproducer,0.1986440474937391,,,,PHASE5H_R2_MATRIX_MODELS_BY_TRACK.csv,,,,05_grammar_plus_nonlinear_head,boundary_failure,no,no,stress-test branch; use as boundary evidence
PARM_GSE301246_Task_C_stress_test,06_full_ATLAS_Evo,N09_ATLAS_FullTheory_MLP,0.6711845953872496,,,,PHASE5H_R2_MATRIX_MODELS_BY_TRACK.csv,,,,06_full_ATLAS_Evo,boundary_failure,no,no,stress-test branch; use as boundary evidence
PARM_GSE301246_Task_C_stress_test,07_full_ATLAS_without_uncertainty_proxy_closest_available,N08_ATLAS_T02_SelectionPotential_MLP,0.6729410819524706,,,,PHASE5H_R2_MATRIX_MODELS_BY_TRACK.csv,,,Closest available nonlinear ATLAS head excluding N07 uncertainty/acquisition proxy; not a perfect engineered leave-one-out ablation.,07_full_ATLAS_without_uncertainty_proxy_closest_available,boundary_failure,no,no,stress-test branch; use as boundary evidence
PARM_GSE301246_Task_C_stress_test,08_uncertainty_acquisition_proxy_head,N07_ATLAS_T05_UncertaintyEnsemble_MLP,0.7297058295126515,,,,PHASE5H_R2_MATRIX_MODELS_BY_TRACK.csv,,,,08_uncertainty_acquisition_proxy_head,boundary_failure,no,no,stress-test branch; use as boundary evidence
PARM_GSE301246_held_out_context_track,01_GC_length_only,M01_GC_length,-0.0584417324061128,65.589569937306,43.901540226829006,1500.0,ALL_TRACKS_metrics_summary.csv,headline_transfer_evidence,held-out/context transfer branch,,01_GC_length_only,primary_headline,yes,yes,positive context/transfer evidence
PARM_GSE301246_held_out_context_track,02_GC_length_plus_6mer,M02_GC_length_char6,0.3468050445775915,51.52555955970716,29.9037055559948,1500.0,ALL_TRACKS_metrics_summary.csv,headline_transfer_evidence,held-out/context transfer branch,Closest available table is GC/length + 6-mer; a pure 6-mer-only row was not identified.,02_GC_length_plus_6mer,primary_headline,yes,yes,positive context/transfer evidence
PARM_GSE301246_held_out_context_track,03_grammar_ladder_candidate,M07_GC_length_condition_gated_multi_char6,0.3839290437284294,50.03992768280192,28.44969889429846,1500.0,ALL_TRACKS_metrics_summary.csv,headline_transfer_evidence,held-out/context transfer branch,,03_grammar_ladder_best,primary_headline,yes,yes,positive context/transfer evidence
PARM_GSE301246_held_out_context_track,04_grammar_plus_P01_P05_candidate,T05_uncertainty_ensemble_proxy,0.3955993351255749,49.56370603960791,28.49090057274019,1500.0,ALL_TRACKS_metrics_summary.csv,headline_transfer_evidence,held-out/context transfer branch,,04_grammar_plus_P01_P05_best,primary_headline,yes,yes,positive context/transfer evidence
PARM_GSE301246_held_out_context_track,05_grammar_plus_nonlinear_head,B08_MLPRegressor_reproducer,0.3981608675867198,,,,PHASE5H_R2_MATRIX_MODELS_BY_TRACK.csv,,,,05_grammar_plus_nonlinear_head,primary_headline,yes,yes,positive context/transfer evidence
PARM_GSE301246_held_out_context_track,06_full_ATLAS_Evo,N09_ATLAS_FullTheory_MLP,0.5540913481408789,,,,PHASE5H_R2_MATRIX_MODELS_BY_TRACK.csv,,,,06_full_ATLAS_Evo,primary_headline,yes,yes,positive context/transfer evidence
PARM_GSE301246_held_out_context_track,07_full_ATLAS_without_uncertainty_proxy_closest_available,N06_ATLAS_T04_ObservableAlignment_MLP,0.5677203864863312,,,,PHASE5H_R2_MATRIX_MODELS_BY_TRACK.csv,,,Closest available nonlinear ATLAS head excluding N07 uncertainty/acquisition proxy; not a perfect engineered leave-one-out ablation.,07_full_ATLAS_without_uncertainty_proxy_closest_available,primary_headline,yes,yes,positive context/transfer evidence
PARM_GSE301246_held_out_context_track,08_uncertainty_acquisition_proxy_head,N07_ATLAS_T05_UncertaintyEnsemble_MLP,0.5754380841813729,,,,PHASE5H_R2_MATRIX_MODELS_BY_TRACK.csv,,,,08_uncertainty_acquisition_proxy_head,primary_headline,yes,yes,positive context/transfer evidence
PARM_GSE301246_held_out_context_track_2,01_GC_length_only,M01_GC_length,-0.0289281576746662,127.89683436251316,67.23604698744954,37500.0,ALL_TRACKS_metrics_summary.csv,headline_transfer_evidence,held-out/context transfer branch,,01_GC_length_only,primary_headline,yes,yes,positive context/transfer evidence
PARM_GSE301246_held_out_context_track_2,02_GC_length_plus_6mer,M02_GC_length_char6,0.0738462165447436,121.34134977491904,66.0695621917365,37500.0,ALL_TRACKS_metrics_summary.csv,headline_transfer_evidence,held-out/context transfer branch,Closest available table is GC/length + 6-mer; a pure 6-mer-only row was not identified.,02_GC_length_plus_6mer,primary_headline,yes,yes,positive context/transfer evidence
PARM_GSE301246_held_out_context_track_2,03_grammar_ladder_candidate,M03_GC_length_multi_char6,0.145641794700057,116.54328796478576,63.96911116422266,37500.0,ALL_TRACKS_metrics_summary.csv,headline_transfer_evidence,held-out/context transfer branch,,03_grammar_ladder_best,primary_headline,yes,yes,positive context/transfer evidence
PARM_GSE301246_held_out_context_track_2,04_grammar_plus_P01_P05_candidate,T02_selection_potential_proxy,0.0738390923514482,121.34181646715936,66.06904801495052,37500.0,ALL_TRACKS_metrics_summary.csv,headline_transfer_evidence,held-out/context transfer branch,,04_grammar_plus_P01_P05_best,primary_headline,yes,yes,positive context/transfer evidence
PARM_GSE301246_held_out_context_track_2,05_grammar_plus_nonlinear_head,B08_MLPRegressor_reproducer,0.4343670522654046,,,,PHASE5H_R2_MATRIX_MODELS_BY_TRACK.csv,,,,05_grammar_plus_nonlinear_head,primary_headline,yes,yes,positive context/transfer evidence
PARM_GSE301246_held_out_context_track_2,06_full_ATLAS_Evo,N09_ATLAS_FullTheory_MLP,0.7510862364005698,,,,PHASE5H_R2_MATRIX_MODELS_BY_TRACK.csv,,,,06_full_ATLAS_Evo,primary_headline,yes,yes,positive context/transfer evidence
PARM_GSE301246_held_out_context_track_2,07_full_ATLAS_without_uncertainty_proxy_closest_available,N08_ATLAS_T02_SelectionPotential_MLP,0.80610410856427,,,,PHASE5H_R2_MATRIX_MODELS_BY_TRACK.csv,,,Closest available nonlinear ATLAS head excluding N07 uncertainty/acquisition proxy; not a perfect engineered leave-one-out ablation.,07_full_ATLAS_without_uncertainty_proxy_closest_available,primary_headline,yes,yes,positive context/transfer evidence
PARM_GSE301246_held_out_context_track_2,08_uncertainty_acquisition_proxy_head,N07_ATLAS_T05_UncertaintyEnsemble_MLP,0.7888966947916791,,,,PHASE5H_R2_MATRIX_MODELS_BY_TRACK.csv,,,,08_uncertainty_acquisition_proxy_head,primary_headline,yes,yes,positive context/transfer evidence
PARM_GSE301246_held_out_context_track_3,01_GC_length_only,M01_GC_length,-0.107963245473972,249.20027056076995,184.0944215288795,10.0,ALL_TRACKS_metrics_summary.csv,headline_transfer_evidence,held-out/context transfer branch,,01_GC_length_only,exclude_from_headline,no,yes,small-n branch; keep only in secondary_support or sensitivity table
PARM_GSE301246_held_out_context_track_3,02_GC_length_plus_6mer,M02_GC_length_char6,0.1271362821710379,221.18672253057423,169.92849498498975,10.0,ALL_TRACKS_metrics_summary.csv,headline_transfer_evidence,held-out/context transfer branch,Closest available table is GC/length + 6-mer; a pure 6-mer-only row was not identified.,02_GC_length_plus_6mer,exclude_from_headline,no,yes,small-n branch; keep only in secondary_support or sensitivity table
PARM_GSE301246_held_out_context_track_3,03_grammar_ladder_candidate,M03_GC_length_multi_char6,0.142208150345333,219.26877502120715,146.30192556490076,10.0,ALL_TRACKS_metrics_summary.csv,headline_transfer_evidence,held-out/context transfer branch,,03_grammar_ladder_best,exclude_from_headline,no,yes,small-n branch; keep only in secondary_support or sensitivity table
PARM_GSE301246_held_out_context_track_3,04_grammar_plus_P01_P05_candidate,T04_observable_alignment_proxy,0.1063082092923233,223.810118373482,158.88467000753027,10.0,ALL_TRACKS_metrics_summary.csv,headline_transfer_evidence,held-out/context transfer branch,,04_grammar_plus_P01_P05_best,exclude_from_headline,no,yes,small-n branch; keep only in secondary_support or sensitivity table
PARM_GSE301246_held_out_context_track_3,05_grammar_plus_nonlinear_head,B08_MLPRegressor_reproducer,-0.0148180313662711,,,,PHASE5H_R2_MATRIX_MODELS_BY_TRACK.csv,,,,05_grammar_plus_nonlinear_head,exclude_from_headline,no,yes,small-n branch; keep only in secondary_support or sensitivity table
PARM_GSE301246_held_out_context_track_3,06_full_ATLAS_Evo,N09_ATLAS_FullTheory_MLP,-0.1419522959757009,,,,PHASE5H_R2_MATRIX_MODELS_BY_TRACK.csv,,,,06_full_ATLAS_Evo,exclude_from_headline,no,yes,small-n branch; keep only in secondary_support or sensitivity table
PARM_GSE301246_held_out_context_track_3,07_full_ATLAS_without_uncertainty_proxy_closest_available,N06_ATLAS_T04_ObservableAlignment_MLP,-0.0148180313662711,,,,PHASE5H_R2_MATRIX_MODELS_BY_TRACK.csv,,,Closest available nonlinear ATLAS head excluding N07 uncertainty/acquisition proxy; not a perfect engineered leave-one-out ablation.,07_full_ATLAS_without_uncertainty_proxy_closest_available,exclude_from_headline,no,yes,small-n branch; keep only in secondary_support or sensitivity table
PARM_GSE301246_held_out_context_track_3,08_uncertainty_acquisition_proxy_head,N07_ATLAS_T05_UncertaintyEnsemble_MLP,-0.0710030164801913,,,,PHASE5H_R2_MATRIX_MODELS_BY_TRACK.csv,,,,08_uncertainty_acquisition_proxy_head,exclude_from_headline,no,yes,small-n branch; keep only in secondary_support or sensitivity table
PARM_GSE301246_held_out_context_track_4,01_GC_length_only,M01_GC_length,-0.0268665264853791,113.14495431546644,82.1565319055575,10.0,ALL_TRACKS_metrics_summary.csv,headline_transfer_evidence,held-out/context transfer branch,,01_GC_length_only,exclude_from_headline,no,yes,small-n branch; keep only in secondary_support or sensitivity table
PARM_GSE301246_held_out_context_track_4,02_GC_length_plus_6mer,M02_GC_length_char6,0.0667465821138669,107.86436408860696,83.47213167402077,10.0,ALL_TRACKS_metrics_summary.csv,headline_transfer_evidence,held-out/context transfer branch,Closest available table is GC/length + 6-mer; a pure 6-mer-only row was not identified.,02_GC_length_plus_6mer,exclude_from_headline,no,yes,small-n branch; keep only in secondary_support or sensitivity table
PARM_GSE301246_held_out_context_track_4,03_grammar_ladder_candidate,M08_dynamic_condition_weighted_char6,0.1521294349282176,102.81180221871176,67.07527625454068,10.0,ALL_TRACKS_metrics_summary.csv,headline_transfer_evidence,held-out/context transfer branch,,03_grammar_ladder_best,exclude_from_headline,no,yes,small-n branch; keep only in secondary_support or sensitivity table
PARM_GSE301246_held_out_context_track_4,04_grammar_plus_P01_P05_candidate,T04_observable_alignment_proxy,0.0575084266398584,108.3969171444887,73.36993784115245,10.0,ALL_TRACKS_metrics_summary.csv,headline_transfer_evidence,held-out/context transfer branch,,04_grammar_plus_P01_P05_best,exclude_from_headline,no,yes,small-n branch; keep only in secondary_support or sensitivity table
PARM_GSE301246_held_out_context_track_4,05_grammar_plus_nonlinear_head,B08_MLPRegressor_reproducer,0.0855783117079618,,,,PHASE5H_R2_MATRIX_MODELS_BY_TRACK.csv,,,,05_grammar_plus_nonlinear_head,exclude_from_headline,no,yes,small-n branch; keep only in secondary_support or sensitivity table
PARM_GSE301246_held_out_context_track_4,06_full_ATLAS_Evo,N09_ATLAS_FullTheory_MLP,-0.0495432534681377,,,,PHASE5H_R2_MATRIX_MODELS_BY_TRACK.csv,,,,06_full_ATLAS_Evo,exclude_from_headline,no,yes,small-n branch; keep only in secondary_support or sensitivity table
PARM_GSE301246_held_out_context_track_4,07_full_ATLAS_without_uncertainty_proxy_closest_available,N06_ATLAS_T04_ObservableAlignment_MLP,0.0855783117079618,,,,PHASE5H_R2_MATRIX_MODELS_BY_TRACK.csv,,,Closest available nonlinear ATLAS head excluding N07 uncertainty/acquisition proxy; not a perfect engineered leave-one-out ablation.,07_full_ATLAS_without_uncertainty_proxy_closest_available,exclude_from_headline,no,yes,small-n branch; keep only in secondary_support or sensitivity table
PARM_GSE301246_held_out_context_track_4,08_uncertainty_acquisition_proxy_head,N07_ATLAS_T05_UncertaintyEnsemble_MLP,-0.1162122882940874,,,,PHASE5H_R2_MATRIX_MODELS_BY_TRACK.csv,,,,08_uncertainty_acquisition_proxy_head,exclude_from_headline,no,yes,small-n branch; keep only in secondary_support or sensitivity table
PARM_GSE301246_held_out_context_track_5,01_GC_length_only,M01_GC_length,0.0931543900553411,27.41454664403071,22.66399255016531,10.0,ALL_TRACKS_metrics_summary.csv,headline_transfer_evidence,held-out/context transfer branch,,01_GC_length_only,exclude_from_headline,no,yes,small-n branch; keep only in secondary_support or sensitivity table
PARM_GSE301246_held_out_context_track_5,02_GC_length_plus_6mer,M02_GC_length_char6,0.1379235841122397,26.72928076905812,22.29212967318944,10.0,ALL_TRACKS_metrics_summary.csv,headline_transfer_evidence,held-out/context transfer branch,Closest available table is GC/length + 6-mer; a pure 6-mer-only row was not identified.,02_GC_length_plus_6mer,exclude_from_headline,no,yes,small-n branch; keep only in secondary_support or sensitivity table
PARM_GSE301246_held_out_context_track_5,03_grammar_ladder_candidate,M08_dynamic_condition_weighted_char6,0.4307546686640491,21.72021548691409,16.402831130941742,10.0,ALL_TRACKS_metrics_summary.csv,headline_transfer_evidence,held-out/context transfer branch,,03_grammar_ladder_best,exclude_from_headline,no,yes,small-n branch; keep only in secondary_support or sensitivity table
PARM_GSE301246_held_out_context_track_5,04_grammar_plus_P01_P05_candidate,T02_selection_potential_proxy,0.1292541172019391,26.86334599091708,22.451141183109783,10.0,ALL_TRACKS_metrics_summary.csv,headline_transfer_evidence,held-out/context transfer branch,,04_grammar_plus_P01_P05_best,exclude_from_headline,no,yes,small-n branch; keep only in secondary_support or sensitivity table
PARM_GSE301246_held_out_context_track_5,05_grammar_plus_nonlinear_head,B08_MLPRegressor_reproducer,-0.1642125015964448,,,,PHASE5H_R2_MATRIX_MODELS_BY_TRACK.csv,,,,05_grammar_plus_nonlinear_head,exclude_from_headline,no,yes,small-n branch; keep only in secondary_support or sensitivity table
PARM_GSE301246_held_out_context_track_5,06_full_ATLAS_Evo,N09_ATLAS_FullTheory_MLP,-0.1111915810019052,,,,PHASE5H_R2_MATRIX_MODELS_BY_TRACK.csv,,,,06_full_ATLAS_Evo,exclude_from_headline,no,yes,small-n branch; keep only in secondary_support or sensitivity table
PARM_GSE301246_held_out_context_track_5,07_full_ATLAS_without_uncertainty_proxy_closest_available,N08_ATLAS_T02_SelectionPotential_MLP,-0.0464390983579823,,,,PHASE5H_R2_MATRIX_MODELS_BY_TRACK.csv,,,Closest available nonlinear ATLAS head excluding N07 uncertainty/acquisition proxy; not a perfect engineered leave-one-out ablation.,07_full_ATLAS_without_uncertainty_proxy_closest_available,exclude_from_headline,no,yes,small-n branch; keep only in secondary_support or sensitivity table
PARM_GSE301246_held_out_context_track_5,08_uncertainty_acquisition_proxy_head,N07_ATLAS_T05_UncertaintyEnsemble_MLP,-0.1924068841161115,,,,PHASE5H_R2_MATRIX_MODELS_BY_TRACK.csv,,,,08_uncertainty_acquisition_proxy_head,exclude_from_headline,no,yes,small-n branch; keep only in secondary_support or sensitivity table
PARM_GSE301246_held_out_context_track_6,01_GC_length_only,M01_GC_length,-1.2850027151382428,45.73901054758367,41.93220572468756,10.0,ALL_TRACKS_metrics_summary.csv,headline_transfer_evidence,held-out/context transfer branch,,01_GC_length_only,exclude_from_headline,no,yes,small-n branch; keep only in secondary_support or sensitivity table
PARM_GSE301246_held_out_context_track_6,02_GC_length_plus_6mer,M02_GC_length_char6,-0.5494395443448739,37.66437135039416,35.24838997195984,10.0,ALL_TRACKS_metrics_summary.csv,headline_transfer_evidence,held-out/context transfer branch,Closest available table is GC/length + 6-mer; a pure 6-mer-only row was not identified.,02_GC_length_plus_6mer,exclude_from_headline,no,yes,small-n branch; keep only in secondary_support or sensitivity table
PARM_GSE301246_held_out_context_track_6,03_grammar_ladder_candidate,M03_GC_length_multi_char6,-0.1360090119623944,32.250339703517696,27.223892077418647,10.0,ALL_TRACKS_metrics_summary.csv,headline_transfer_evidence,held-out/context transfer branch,,03_grammar_ladder_best,exclude_from_headline,no,yes,small-n branch; keep only in secondary_support or sensitivity table
PARM_GSE301246_held_out_context_track_6,04_grammar_plus_P01_P05_candidate,T05_uncertainty_ensemble_proxy,-0.281537652369189,34.25382625347327,31.00683399822691,10.0,ALL_TRACKS_metrics_summary.csv,headline_transfer_evidence,held-out/context transfer branch,,04_grammar_plus_P01_P05_best,exclude_from_headline,no,yes,small-n branch; keep only in secondary_support or sensitivity table
PARM_GSE301246_held_out_context_track_6,05_grammar_plus_nonlinear_head,B08_MLPRegressor_reproducer,0.1637075277424594,,,,PHASE5H_R2_MATRIX_MODELS_BY_TRACK.csv,,,,05_grammar_plus_nonlinear_head,exclude_from_headline,no,yes,small-n branch; keep only in secondary_support or sensitivity table
PARM_GSE301246_held_out_context_track_6,06_full_ATLAS_Evo,N09_ATLAS_FullTheory_MLP,-0.1895216046134262,,,,PHASE5H_R2_MATRIX_MODELS_BY_TRACK.csv,,,,06_full_ATLAS_Evo,exclude_from_headline,no,yes,small-n branch; keep only in secondary_support or sensitivity table
PARM_GSE301246_held_out_context_track_6,07_full_ATLAS_without_uncertainty_proxy_closest_available,N06_ATLAS_T04_ObservableAlignment_MLP,0.1637075277424594,,,,PHASE5H_R2_MATRIX_MODELS_BY_TRACK.csv,,,Closest available nonlinear ATLAS head excluding N07 uncertainty/acquisition proxy; not a perfect engineered leave-one-out ablation.,07_full_ATLAS_without_uncertainty_proxy_closest_available,exclude_from_headline,no,yes,small-n branch; keep only in secondary_support or sensitivity table
PARM_GSE301246_held_out_context_track_6,08_uncertainty_acquisition_proxy_head,N07_ATLAS_T05_UncertaintyEnsemble_MLP,-1.78802791950269,,,,PHASE5H_R2_MATRIX_MODELS_BY_TRACK.csv,,,,08_uncertainty_acquisition_proxy_head,exclude_from_headline,no,yes,small-n branch; keep only in secondary_support or sensitivity table
PARM_GSE301246_held_out_context_track_7,01_GC_length_only,M01_GC_length,-0.1552629059023733,14789.93311855685,12223.338235050614,10.0,ALL_TRACKS_metrics_summary.csv,headline_transfer_evidence,held-out/context transfer branch,,01_GC_length_only,exclude_from_headline,no,yes,small-n branch; keep only in secondary_support or sensitivity table
PARM_GSE301246_held_out_context_track_7,02_GC_length_plus_6mer,M02_GC_length_char6,0.0394905700110908,13485.796817389752,11170.85041162174,10.0,ALL_TRACKS_metrics_summary.csv,headline_transfer_evidence,held-out/context transfer branch,Closest available table is GC/length + 6-mer; a pure 6-mer-only row was not identified.,02_GC_length_plus_6mer,exclude_from_headline,no,yes,small-n branch; keep only in secondary_support or sensitivity table
PARM_GSE301246_held_out_context_track_7,03_grammar_ladder_candidate,M06_GC_length_condition_gated_char6,0.0594498016575664,13344.944910453003,11271.332305820988,10.0,ALL_TRACKS_metrics_summary.csv,headline_transfer_evidence,held-out/context transfer branch,,03_grammar_ladder_best,exclude_from_headline,no,yes,small-n branch; keep only in secondary_support or sensitivity table
PARM_GSE301246_held_out_context_track_7,04_grammar_plus_P01_P05_candidate,T05_uncertainty_ensemble_proxy,0.0324340092868971,13535.2441192628,11124.940749755931,10.0,ALL_TRACKS_metrics_summary.csv,headline_transfer_evidence,held-out/context transfer branch,,04_grammar_plus_P01_P05_best,exclude_from_headline,no,yes,small-n branch; keep only in secondary_support or sensitivity table
PARM_GSE301246_held_out_context_track_7,05_grammar_plus_nonlinear_head,B08_MLPRegressor_reproducer,-0.2657646569704175,,,,PHASE5H_R2_MATRIX_MODELS_BY_TRACK.csv,,,,05_grammar_plus_nonlinear_head,exclude_from_headline,no,yes,small-n branch; keep only in secondary_support or sensitivity table
PARM_GSE301246_held_out_context_track_7,06_full_ATLAS_Evo,N09_ATLAS_FullTheory_MLP,0.0035186164674023,,,,PHASE5H_R2_MATRIX_MODELS_BY_TRACK.csv,,,,06_full_ATLAS_Evo,exclude_from_headline,no,yes,small-n branch; keep only in secondary_support or sensitivity table
PARM_GSE301246_held_out_context_track_7,07_full_ATLAS_without_uncertainty_proxy_closest_available,N08_ATLAS_T02_SelectionPotential_MLP,0.0003821606236596,,,,PHASE5H_R2_MATRIX_MODELS_BY_TRACK.csv,,,Closest available nonlinear ATLAS head excluding N07 uncertainty/acquisition proxy; not a perfect engineered leave-one-out ablation.,07_full_ATLAS_without_uncertainty_proxy_closest_available,exclude_from_headline,no,yes,small-n branch; keep only in secondary_support or sensitivity table
PARM_GSE301246_held_out_context_track_7,08_uncertainty_acquisition_proxy_head,N07_ATLAS_T05_UncertaintyEnsemble_MLP,0.0028974259462626,,,,PHASE5H_R2_MATRIX_MODELS_BY_TRACK.csv,,,,08_uncertainty_acquisition_proxy_head,exclude_from_headline,no,yes,small-n branch; keep only in secondary_support or sensitivity table
PARM_GSE301246_held_out_context_track_TaskB,01_GC_length_only,M01_GC_length,0.004032794953191,0.6558457606768565,0.5123065955155294,133.0,ALL_TRACKS_metrics_summary.csv,headline_transfer_evidence,held-out/context transfer branch,,01_GC_length_only,boundary_failure,no,no,TaskB is weak or near-zero; use as transfer boundary
PARM_GSE301246_held_out_context_track_TaskB,02_GC_length_plus_6mer,M02_GC_length_char6,-0.3460753217044452,0.7624544045165879,0.5731316213136395,133.0,ALL_TRACKS_metrics_summary.csv,headline_transfer_evidence,held-out/context transfer branch,Closest available table is GC/length + 6-mer; a pure 6-mer-only row was not identified.,02_GC_length_plus_6mer,boundary_failure,no,no,TaskB is weak or near-zero; use as transfer boundary
PARM_GSE301246_held_out_context_track_TaskB,03_grammar_ladder_candidate,M03_GC_length_multi_char6,-0.4229983703785291,0.7839374246221529,0.5590801518332754,133.0,ALL_TRACKS_metrics_summary.csv,headline_transfer_evidence,held-out/context transfer branch,,03_grammar_ladder_best,boundary_failure,no,no,TaskB is weak or near-zero; use as transfer boundary
PARM_GSE301246_held_out_context_track_TaskB,04_grammar_plus_P01_P05_candidate,T01_mutational_prior_proxy,0.0138868353099598,0.6525932461357723,0.5098057222025701,133.0,ALL_TRACKS_metrics_summary.csv,headline_transfer_evidence,held-out/context transfer branch,,04_grammar_plus_P01_P05_best,boundary_failure,no,no,TaskB is weak or near-zero; use as transfer boundary
PARM_GSE301246_held_out_context_track_TaskB,05_grammar_plus_nonlinear_head,B08_MLPRegressor_reproducer,-0.2455424652635105,,,,PHASE5H_R2_MATRIX_MODELS_BY_TRACK.csv,,,,05_grammar_plus_nonlinear_head,boundary_failure,no,no,TaskB is weak or near-zero; use as transfer boundary
PARM_GSE301246_held_out_context_track_TaskB,06_full_ATLAS_Evo,N09_ATLAS_FullTheory_MLP,-0.3260108735462759,,,,PHASE5H_R2_MATRIX_MODELS_BY_TRACK.csv,,,,06_full_ATLAS_Evo,boundary_failure,no,no,TaskB is weak or near-zero; use as transfer boundary
PARM_GSE301246_held_out_context_track_TaskB,07_full_ATLAS_without_uncertainty_proxy_closest_available,N06_ATLAS_T04_ObservableAlignment_MLP,0.1218731467748931,,,,PHASE5H_R2_MATRIX_MODELS_BY_TRACK.csv,,,Closest available nonlinear ATLAS head excluding N07 uncertainty/acquisition proxy; not a perfect engineered leave-one-out ablation.,07_full_ATLAS_without_uncertainty_proxy_closest_available,boundary_failure,no,no,TaskB is weak or near-zero; use as transfer boundary
PARM_GSE301246_held_out_context_track_TaskB,08_uncertainty_acquisition_proxy_head,N07_ATLAS_T05_UncertaintyEnsemble_MLP,-0.1309088579670929,,,,PHASE5H_R2_MATRIX_MODELS_BY_TRACK.csv,,,,08_uncertainty_acquisition_proxy_head,boundary_failure,no,no,TaskB is weak or near-zero; use as transfer boundary
Random_Promoter_DREAM_base_track,01_GC_length_only,M01_GC_length,-0.3780448108504688,6.470642863204656,4.698028590726317,89562.0,ALL_TRACKS_metrics_summary.csv,headline_base_reference,base-track structured reference,,01_GC_length_only,boundary_failure,no,yes,negative R2; use as explicit failure/boundary result
Random_Promoter_DREAM_base_track,02_GC_length_plus_6mer,M02_GC_length_char6,-0.3426184760622028,6.386928728641669,4.539658757046703,89562.0,ALL_TRACKS_metrics_summary.csv,headline_base_reference,base-track structured reference,Closest available table is GC/length + 6-mer; a pure 6-mer-only row was not identified.,02_GC_length_plus_6mer,boundary_failure,no,yes,negative R2; use as explicit failure/boundary result
Random_Promoter_DREAM_base_track,03_grammar_ladder_candidate,M03_GC_length_multi_char6,-0.3421549942831152,6.385826226084235,4.538658898018887,89562.0,ALL_TRACKS_metrics_summary.csv,headline_base_reference,base-track structured reference,,03_grammar_ladder_best,boundary_failure,no,yes,negative R2; use as explicit failure/boundary result
Random_Promoter_DREAM_base_track,04_grammar_plus_P01_P05_candidate,T02_selection_potential_proxy,-0.3452293987146542,6.393135882025646,4.543375732864161,89562.0,ALL_TRACKS_metrics_summary.csv,headline_base_reference,base-track structured reference,,04_grammar_plus_P01_P05_best,boundary_failure,no,yes,negative R2; use as explicit failure/boundary result
Random_Promoter_DREAM_base_track,05_grammar_plus_nonlinear_head,B08_MLPRegressor,-0.4087741396166364,,,,PHASE5F_R2_MATRIX_MODELS_BY_TRACK.csv,,,,05_grammar_plus_nonlinear_head,boundary_failure,no,yes,negative R2; use as explicit failure/boundary result
Random_Promoter_DREAM_base_track,06_full_ATLAS_Evo,N09_ATLAS_FullTheory_MLP,-0.3964052378033214,,,,PHASE5H_R2_MATRIX_MODELS_BY_TRACK.csv,,,,06_full_ATLAS_Evo,boundary_failure,no,yes,negative R2; use as explicit failure/boundary result
Random_Promoter_DREAM_base_track,07_full_ATLAS_without_uncertainty_proxy_closest_available,N08_ATLAS_T02_SelectionPotential_MLP,-0.4196386047729219,,,,PHASE5H_R2_MATRIX_MODELS_BY_TRACK.csv,,,Closest available nonlinear ATLAS head excluding N07 uncertainty/acquisition proxy; not a perfect engineered leave-one-out ablation.,07_full_ATLAS_without_uncertainty_proxy_closest_available,boundary_failure,no,yes,negative R2; use as explicit failure/boundary result
Random_Promoter_DREAM_base_track,08_uncertainty_acquisition_proxy_head,N07_ATLAS_T05_UncertaintyEnsemble_MLP,-0.3978951530652328,,,,PHASE5H_R2_MATRIX_MODELS_BY_TRACK.csv,,,,08_uncertainty_acquisition_proxy_head,boundary_failure,no,yes,negative R2; use as explicit failure/boundary result
Random_Promoter_DREAM_base_track_10,01_GC_length_only,M01_GC_length,0.1131027857652066,2.2242785481524407,1.743709336303082,20000.0,ALL_TRACKS_metrics_summary.csv,headline_base_reference,base-track structured reference,,01_GC_length_only,primary_headline,yes,yes,large-n positive base/reference evidence
Random_Promoter_DREAM_base_track_10,02_GC_length_plus_6mer,M02_GC_length_char6,0.2686609704972194,2.0198164435944945,1.5550764028000486,20000.0,ALL_TRACKS_metrics_summary.csv,headline_base_reference,base-track structured reference,Closest available table is GC/length + 6-mer; a pure 6-mer-only row was not identified.,02_GC_length_plus_6mer,primary_headline,yes,yes,large-n positive base/reference evidence
Random_Promoter_DREAM_base_track_10,03_grammar_ladder_candidate,M07_GC_length_condition_gated_multi_char6,0.2711729057500815,2.0163447211472305,1.5520794418501074,20000.0,ALL_TRACKS_metrics_summary.csv,headline_base_reference,base-track structured reference,,03_grammar_ladder_best,primary_headline,yes,yes,large-n positive base/reference evidence
Random_Promoter_DREAM_base_track_10,04_grammar_plus_P01_P05_candidate,T04_observable_alignment_proxy,0.2762271545149858,2.00934111379276,1.547296210214178,20000.0,ALL_TRACKS_metrics_summary.csv,headline_base_reference,base-track structured reference,,04_grammar_plus_P01_P05_best,primary_headline,yes,yes,large-n positive base/reference evidence
Random_Promoter_DREAM_base_track_10,05_grammar_plus_nonlinear_head,B08_MLPRegressor_reproducer,0.2400040885339505,,,,PHASE5H_R2_MATRIX_MODELS_BY_TRACK.csv,,,,05_grammar_plus_nonlinear_head,primary_headline,yes,yes,large-n positive base/reference evidence
Random_Promoter_DREAM_base_track_10,06_full_ATLAS_Evo,N09_ATLAS_FullTheory_MLP,0.3098850966006892,,,,PHASE5H_R2_MATRIX_MODELS_BY_TRACK.csv,,,,06_full_ATLAS_Evo,primary_headline,yes,yes,large-n positive base/reference evidence
Random_Promoter_DREAM_base_track_10,07_full_ATLAS_without_uncertainty_proxy_closest_available,N08_ATLAS_T02_SelectionPotential_MLP,0.3003212380449701,,,,PHASE5H_R2_MATRIX_MODELS_BY_TRACK.csv,,,Closest available nonlinear ATLAS head excluding N07 uncertainty/acquisition proxy; not a perfect engineered leave-one-out ablation.,07_full_ATLAS_without_uncertainty_proxy_closest_available,primary_headline,yes,yes,large-n positive base/reference evidence
Random_Promoter_DREAM_base_track_10,08_uncertainty_acquisition_proxy_head,N07_ATLAS_T05_UncertaintyEnsemble_MLP,0.3182272205852533,,,,PHASE5H_R2_MATRIX_MODELS_BY_TRACK.csv,,,,08_uncertainty_acquisition_proxy_head,primary_headline,yes,yes,large-n positive base/reference evidence
Random_Promoter_DREAM_base_track_11,01_GC_length_only,M01_GC_length,0.112044925800531,2.233513096502846,1.7566656130978344,4000.0,ALL_TRACKS_metrics_summary.csv,headline_base_reference,base-track structured reference,,01_GC_length_only,secondary_support,no,yes,related/duplicate evidence; do not count as independent headline
Random_Promoter_DREAM_base_track_11,02_GC_length_plus_6mer,M02_GC_length_char6,0.2304626925063355,2.079255440022232,1.6088120121138554,4000.0,ALL_TRACKS_metrics_summary.csv,headline_base_reference,base-track structured reference,Closest available table is GC/length + 6-mer; a pure 6-mer-only row was not identified.,02_GC_length_plus_6mer,secondary_support,no,yes,related/duplicate evidence; do not count as independent headline
Random_Promoter_DREAM_base_track_11,03_grammar_ladder_candidate,M06_GC_length_condition_gated_char6,0.230429871436716,2.0792997800816764,1.608841345743915,4000.0,ALL_TRACKS_metrics_summary.csv,headline_base_reference,base-track structured reference,,03_grammar_ladder_best,secondary_support,no,yes,related/duplicate evidence; do not count as independent headline
Random_Promoter_DREAM_base_track_11,04_grammar_plus_P01_P05_candidate,T02_selection_potential_proxy,0.2304844127903973,2.0792260961963804,1.6087813519791463,4000.0,ALL_TRACKS_metrics_summary.csv,headline_base_reference,base-track structured reference,,04_grammar_plus_P01_P05_best,secondary_support,no,yes,related/duplicate evidence; do not count as independent headline
Random_Promoter_DREAM_base_track_11,05_grammar_plus_nonlinear_head,B08_MLPRegressor_reproducer,0.171041502195236,,,,PHASE5H_R2_MATRIX_MODELS_BY_TRACK.csv,,,,05_grammar_plus_nonlinear_head,secondary_support,no,yes,related/duplicate evidence; do not count as independent headline
Random_Promoter_DREAM_base_track_11,06_full_ATLAS_Evo,N09_ATLAS_FullTheory_MLP,0.2400928289670282,,,,PHASE5H_R2_MATRIX_MODELS_BY_TRACK.csv,,,,06_full_ATLAS_Evo,secondary_support,no,yes,related/duplicate evidence; do not count as independent headline
Random_Promoter_DREAM_base_track_11,07_full_ATLAS_without_uncertainty_proxy_closest_available,N08_ATLAS_T02_SelectionPotential_MLP,0.2420257121655652,,,,PHASE5H_R2_MATRIX_MODELS_BY_TRACK.csv,,,Closest available nonlinear ATLAS head excluding N07 uncertainty/acquisition proxy; not a perfect engineered leave-one-out ablation.,07_full_ATLAS_without_uncertainty_proxy_closest_available,secondary_support,no,yes,related/duplicate evidence; do not count as independent headline
Random_Promoter_DREAM_base_track_11,08_uncertainty_acquisition_proxy_head,N07_ATLAS_T05_UncertaintyEnsemble_MLP,0.2619503220011705,,,,PHASE5H_R2_MATRIX_MODELS_BY_TRACK.csv,,,,08_uncertainty_acquisition_proxy_head,secondary_support,no,yes,related/duplicate evidence; do not count as independent headline
Random_Promoter_DREAM_base_track_12,01_GC_length_only,M01_GC_length,0.1313414850065576,2.2122676733506936,1.7405653712418772,4000.0,ALL_TRACKS_metrics_summary.csv,headline_base_reference,base-track structured reference,,01_GC_length_only,primary_headline,yes,yes,large-n positive base/reference evidence
Random_Promoter_DREAM_base_track_12,02_GC_length_plus_6mer,M02_GC_length_char6,0.2445119169893324,2.0631316513431046,1.6036136599286053,4000.0,ALL_TRACKS_metrics_summary.csv,headline_base_reference,base-track structured reference,Closest available table is GC/length + 6-mer; a pure 6-mer-only row was not identified.,02_GC_length_plus_6mer,primary_headline,yes,yes,large-n positive base/reference evidence
Random_Promoter_DREAM_base_track_12,03_grammar_ladder_candidate,M06_GC_length_condition_gated_char6,0.2445113125397853,2.0631324766762704,1.6036202137570204,4000.0,ALL_TRACKS_metrics_summary.csv,headline_base_reference,base-track structured reference,,03_grammar_ladder_best,primary_headline,yes,yes,large-n positive base/reference evidence
Random_Promoter_DREAM_base_track_12,04_grammar_plus_P01_P05_candidate,T02_selection_potential_proxy,0.2445400023666976,2.0630933023798232,1.6035964094548667,4000.0,ALL_TRACKS_metrics_summary.csv,headline_base_reference,base-track structured reference,,04_grammar_plus_P01_P05_best,primary_headline,yes,yes,large-n positive base/reference evidence
Random_Promoter_DREAM_base_track_12,05_grammar_plus_nonlinear_head,B08_MLPRegressor_reproducer,0.1824277621634404,,,,PHASE5H_R2_MATRIX_MODELS_BY_TRACK.csv,,,,05_grammar_plus_nonlinear_head,primary_headline,yes,yes,large-n positive base/reference evidence
Random_Promoter_DREAM_base_track_12,06_full_ATLAS_Evo,N09_ATLAS_FullTheory_MLP,0.2435861600282856,,,,PHASE5H_R2_MATRIX_MODELS_BY_TRACK.csv,,,,06_full_ATLAS_Evo,primary_headline,yes,yes,large-n positive base/reference evidence
Random_Promoter_DREAM_base_track_12,07_full_ATLAS_without_uncertainty_proxy_closest_available,N08_ATLAS_T02_SelectionPotential_MLP,0.2390708687703102,,,,PHASE5H_R2_MATRIX_MODELS_BY_TRACK.csv,,,Closest available nonlinear ATLAS head excluding N07 uncertainty/acquisition proxy; not a perfect engineered leave-one-out ablation.,07_full_ATLAS_without_uncertainty_proxy_closest_available,primary_headline,yes,yes,large-n positive base/reference evidence
Random_Promoter_DREAM_base_track_12,08_uncertainty_acquisition_proxy_head,N07_ATLAS_T05_UncertaintyEnsemble_MLP,0.2764049115438453,,,,PHASE5H_R2_MATRIX_MODELS_BY_TRACK.csv,,,,08_uncertainty_acquisition_proxy_head,primary_headline,yes,yes,large-n positive base/reference evidence
Random_Promoter_DREAM_base_track_13,01_GC_length_only,M01_GC_length,0.0596886835177468,0.7355335886364287,0.6152213924859151,4000.0,ALL_TRACKS_metrics_summary.csv,headline_base_reference,base-track structured reference,,01_GC_length_only,secondary_support,no,yes,related/duplicate evidence; do not count as independent headline
Random_Promoter_DREAM_base_track_13,02_GC_length_plus_6mer,M02_GC_length_char6,0.5759356705167269,0.4939494997662449,0.3855509310453168,4000.0,ALL_TRACKS_metrics_summary.csv,headline_base_reference,base-track structured reference,Closest available table is GC/length + 6-mer; a pure 6-mer-only row was not identified.,02_GC_length_plus_6mer,secondary_support,no,yes,related/duplicate evidence; do not count as independent headline
Random_Promoter_DREAM_base_track_13,03_grammar_ladder_candidate,M03_GC_length_multi_char6,0.5970815648063692,0.4814766695452126,0.370217871249575,4000.0,ALL_TRACKS_metrics_summary.csv,headline_base_reference,base-track structured reference,,03_grammar_ladder_best,secondary_support,no,yes,related/duplicate evidence; do not count as independent headline
Random_Promoter_DREAM_base_track_13,04_grammar_plus_P01_P05_candidate,T04_observable_alignment_proxy,0.6126186643836083,0.4721022003351542,0.3602559585627627,4000.0,ALL_TRACKS_metrics_summary.csv,headline_base_reference,base-track structured reference,,04_grammar_plus_P01_P05_best,secondary_support,no,yes,related/duplicate evidence; do not count as independent headline
Random_Promoter_DREAM_base_track_13,05_grammar_plus_nonlinear_head,B08_MLPRegressor,0.6296506607109189,,,,PHASE5F_R2_MATRIX_MODELS_BY_TRACK.csv,,,,05_grammar_plus_nonlinear_head,secondary_support,no,yes,related/duplicate evidence; do not count as independent headline
Random_Promoter_DREAM_base_track_13,06_full_ATLAS_Evo,N09_ATLAS_FullTheory_MLP,0.2432154676052716,,,,PHASE5H_R2_MATRIX_MODELS_BY_TRACK.csv,,,,06_full_ATLAS_Evo,secondary_support,no,yes,related/duplicate evidence; do not count as independent headline
Random_Promoter_DREAM_base_track_13,07_full_ATLAS_without_uncertainty_proxy_closest_available,N08_ATLAS_T02_SelectionPotential_MLP,0.6552004351962624,,,,PHASE5H_R2_MATRIX_MODELS_BY_TRACK.csv,,,Closest available nonlinear ATLAS head excluding N07 uncertainty/acquisition proxy; not a perfect engineered leave-one-out ablation.,07_full_ATLAS_without_uncertainty_proxy_closest_available,secondary_support,no,yes,related/duplicate evidence; do not count as independent headline
Random_Promoter_DREAM_base_track_13,08_uncertainty_acquisition_proxy_head,N07_ATLAS_T05_UncertaintyEnsemble_MLP,0.4954576655538544,,,,PHASE5H_R2_MATRIX_MODELS_BY_TRACK.csv,,,,08_uncertainty_acquisition_proxy_head,secondary_support,no,yes,related/duplicate evidence; do not count as independent headline
Random_Promoter_DREAM_base_track_14,01_GC_length_only,M01_GC_length,0.113755315683955,2.2416884627924727,1.7657760222312595,20000.0,ALL_TRACKS_metrics_summary.csv,headline_base_reference,base-track structured reference,,01_GC_length_only,secondary_support,no,yes,related/duplicate evidence; do not count as independent headline
Random_Promoter_DREAM_base_track_14,02_GC_length_plus_6mer,M02_GC_length_char6,0.2631005124164353,2.0441019958424445,1.5782811860108714,20000.0,ALL_TRACKS_metrics_summary.csv,headline_base_reference,base-track structured reference,Closest available table is GC/length + 6-mer; a pure 6-mer-only row was not identified.,02_GC_length_plus_6mer,secondary_support,no,yes,related/duplicate evidence; do not count as independent headline
Random_Promoter_DREAM_base_track_14,03_grammar_ladder_candidate,M03_GC_length_multi_char6,0.2673175163744231,2.038244783280889,1.5735359443487562,20000.0,ALL_TRACKS_metrics_summary.csv,headline_base_reference,base-track structured reference,,03_grammar_ladder_best,secondary_support,no,yes,related/duplicate evidence; do not count as independent headline
Random_Promoter_DREAM_base_track_14,04_grammar_plus_P01_P05_candidate,T04_observable_alignment_proxy,0.2739614602244904,2.028982364864745,1.5662757035199997,20000.0,ALL_TRACKS_metrics_summary.csv,headline_base_reference,base-track structured reference,,04_grammar_plus_P01_P05_best,secondary_support,no,yes,related/duplicate evidence; do not count as independent headline
Random_Promoter_DREAM_base_track_14,05_grammar_plus_nonlinear_head,B08_MLPRegressor_reproducer,0.2250388580796811,,,,PHASE5H_R2_MATRIX_MODELS_BY_TRACK.csv,,,,05_grammar_plus_nonlinear_head,secondary_support,no,yes,related/duplicate evidence; do not count as independent headline
Random_Promoter_DREAM_base_track_14,06_full_ATLAS_Evo,N09_ATLAS_FullTheory_MLP,0.2923026626837034,,,,PHASE5H_R2_MATRIX_MODELS_BY_TRACK.csv,,,,06_full_ATLAS_Evo,secondary_support,no,yes,related/duplicate evidence; do not count as independent headline
Random_Promoter_DREAM_base_track_14,07_full_ATLAS_without_uncertainty_proxy_closest_available,N08_ATLAS_T02_SelectionPotential_MLP,0.2974498291489819,,,,PHASE5H_R2_MATRIX_MODELS_BY_TRACK.csv,,,Closest available nonlinear ATLAS head excluding N07 uncertainty/acquisition proxy; not a perfect engineered leave-one-out ablation.,07_full_ATLAS_without_uncertainty_proxy_closest_available,secondary_support,no,yes,related/duplicate evidence; do not count as independent headline
Random_Promoter_DREAM_base_track_14,08_uncertainty_acquisition_proxy_head,N07_ATLAS_T05_UncertaintyEnsemble_MLP,0.3110707847237521,,,,PHASE5H_R2_MATRIX_MODELS_BY_TRACK.csv,,,,08_uncertainty_acquisition_proxy_head,secondary_support,no,yes,related/duplicate evidence; do not count as independent headline
Random_Promoter_DREAM_base_track_15,01_GC_length_only,M01_GC_length,0.1190536700881603,2.2372919728345986,1.7648032421382165,20000.0,ALL_TRACKS_metrics_summary.csv,headline_base_reference,base-track structured reference,,01_GC_length_only,primary_headline,yes,yes,large-n positive base/reference evidence
Random_Promoter_DREAM_base_track_15,02_GC_length_plus_6mer,M02_GC_length_char6,0.2726221395734289,2.032955995438142,1.5689584568997117,20000.0,ALL_TRACKS_metrics_summary.csv,headline_base_reference,base-track structured reference,Closest available table is GC/length + 6-mer; a pure 6-mer-only row was not identified.,02_GC_length_plus_6mer,primary_headline,yes,yes,large-n positive base/reference evidence
Random_Promoter_DREAM_base_track_15,03_grammar_ladder_candidate,M07_GC_length_condition_gated_multi_char6,0.2750446607575747,2.0295678071007432,1.5664947436862962,20000.0,ALL_TRACKS_metrics_summary.csv,headline_base_reference,base-track structured reference,,03_grammar_ladder_best,primary_headline,yes,yes,large-n positive base/reference evidence
Random_Promoter_DREAM_base_track_15,04_grammar_plus_P01_P05_candidate,T04_observable_alignment_proxy,0.2794283772363876,2.0234222281793,1.5607145566655385,20000.0,ALL_TRACKS_metrics_summary.csv,headline_base_reference,base-track structured reference,,04_grammar_plus_P01_P05_best,primary_headline,yes,yes,large-n positive base/reference evidence
Random_Promoter_DREAM_base_track_15,05_grammar_plus_nonlinear_head,B08_MLPRegressor_reproducer,0.2439310844578585,,,,PHASE5H_R2_MATRIX_MODELS_BY_TRACK.csv,,,,05_grammar_plus_nonlinear_head,primary_headline,yes,yes,large-n positive base/reference evidence
Random_Promoter_DREAM_base_track_15,06_full_ATLAS_Evo,N09_ATLAS_FullTheory_MLP,0.3126246234059201,,,,PHASE5H_R2_MATRIX_MODELS_BY_TRACK.csv,,,,06_full_ATLAS_Evo,primary_headline,yes,yes,large-n positive base/reference evidence
Random_Promoter_DREAM_base_track_15,07_full_ATLAS_without_uncertainty_proxy_closest_available,N08_ATLAS_T02_SelectionPotential_MLP,0.3077474100971614,,,,PHASE5H_R2_MATRIX_MODELS_BY_TRACK.csv,,,Closest available nonlinear ATLAS head excluding N07 uncertainty/acquisition proxy; not a perfect engineered leave-one-out ablation.,07_full_ATLAS_without_uncertainty_proxy_closest_available,primary_headline,yes,yes,large-n positive base/reference evidence
Random_Promoter_DREAM_base_track_15,08_uncertainty_acquisition_proxy_head,N07_ATLAS_T05_UncertaintyEnsemble_MLP,0.3244766714000704,,,,PHASE5H_R2_MATRIX_MODELS_BY_TRACK.csv,,,,08_uncertainty_acquisition_proxy_head,primary_headline,yes,yes,large-n positive base/reference evidence
Random_Promoter_DREAM_base_track_16,01_GC_length_only,M01_GC_length,0.1109443718560507,2.246469845594842,1.7664313957717592,29852.0,ALL_TRACKS_metrics_summary.csv,headline_base_reference,base-track structured reference,,01_GC_length_only,primary_headline,yes,yes,large-n positive base/reference evidence
Random_Promoter_DREAM_base_track_16,02_GC_length_plus_6mer,M02_GC_length_char6,0.2674355599458912,2.0391963370253525,1.5766298763863429,29852.0,ALL_TRACKS_metrics_summary.csv,headline_base_reference,base-track structured reference,Closest available table is GC/length + 6-mer; a pure 6-mer-only row was not identified.,02_GC_length_plus_6mer,primary_headline,yes,yes,large-n positive base/reference evidence
Random_Promoter_DREAM_base_track_16,03_grammar_ladder_candidate,M03_GC_length_multi_char6,0.2721388253163938,2.032639695294354,1.5713353459847108,29852.0,ALL_TRACKS_metrics_summary.csv,headline_base_reference,base-track structured reference,,03_grammar_ladder_best,primary_headline,yes,yes,large-n positive base/reference evidence
Random_Promoter_DREAM_base_track_16,04_grammar_plus_P01_P05_candidate,T04_observable_alignment_proxy,0.2796569209540137,2.0221148546846948,1.5613071049224037,29852.0,ALL_TRACKS_metrics_summary.csv,headline_base_reference,base-track structured reference,,04_grammar_plus_P01_P05_best,primary_headline,yes,yes,large-n positive base/reference evidence
Random_Promoter_DREAM_base_track_16,05_grammar_plus_nonlinear_head,B08_MLPRegressor_reproducer,0.2412431860225922,,,,PHASE5H_R2_MATRIX_MODELS_BY_TRACK.csv,,,,05_grammar_plus_nonlinear_head,primary_headline,yes,yes,large-n positive base/reference evidence
Random_Promoter_DREAM_base_track_16,06_full_ATLAS_Evo,N09_ATLAS_FullTheory_MLP,0.3014347090359862,,,,PHASE5H_R2_MATRIX_MODELS_BY_TRACK.csv,,,,06_full_ATLAS_Evo,primary_headline,yes,yes,large-n positive base/reference evidence
Random_Promoter_DREAM_base_track_16,07_full_ATLAS_without_uncertainty_proxy_closest_available,N08_ATLAS_T02_SelectionPotential_MLP,0.3038068070584135,,,,PHASE5H_R2_MATRIX_MODELS_BY_TRACK.csv,,,Closest available nonlinear ATLAS head excluding N07 uncertainty/acquisition proxy; not a perfect engineered leave-one-out ablation.,07_full_ATLAS_without_uncertainty_proxy_closest_available,primary_headline,yes,yes,large-n positive base/reference evidence
Random_Promoter_DREAM_base_track_16,08_uncertainty_acquisition_proxy_head,N07_ATLAS_T05_UncertaintyEnsemble_MLP,0.3156606468192832,,,,PHASE5H_R2_MATRIX_MODELS_BY_TRACK.csv,,,,08_uncertainty_acquisition_proxy_head,primary_headline,yes,yes,large-n positive base/reference evidence
Random_Promoter_DREAM_base_track_17,01_GC_length_only,M01_GC_length,0.112044925800531,2.233513096502846,1.7566656130978344,4000.0,ALL_TRACKS_metrics_summary.csv,headline_base_reference,base-track structured reference,,01_GC_length_only,secondary_support,no,yes,related/duplicate evidence; do not count as independent headline
Random_Promoter_DREAM_base_track_17,02_GC_length_plus_6mer,M02_GC_length_char6,0.2304626925063355,2.079255440022232,1.6088120121138554,4000.0,ALL_TRACKS_metrics_summary.csv,headline_base_reference,base-track structured reference,Closest available table is GC/length + 6-mer; a pure 6-mer-only row was not identified.,02_GC_length_plus_6mer,secondary_support,no,yes,related/duplicate evidence; do not count as independent headline
Random_Promoter_DREAM_base_track_17,03_grammar_ladder_candidate,M06_GC_length_condition_gated_char6,0.230429871436716,2.0792997800816764,1.608841345743915,4000.0,ALL_TRACKS_metrics_summary.csv,headline_base_reference,base-track structured reference,,03_grammar_ladder_best,secondary_support,no,yes,related/duplicate evidence; do not count as independent headline
Random_Promoter_DREAM_base_track_17,04_grammar_plus_P01_P05_candidate,T02_selection_potential_proxy,0.2304844127903973,2.0792260961963804,1.6087813519791463,4000.0,ALL_TRACKS_metrics_summary.csv,headline_base_reference,base-track structured reference,,04_grammar_plus_P01_P05_best,secondary_support,no,yes,related/duplicate evidence; do not count as independent headline
Random_Promoter_DREAM_base_track_17,05_grammar_plus_nonlinear_head,B08_MLPRegressor_reproducer,0.171041502195236,,,,PHASE5H_R2_MATRIX_MODELS_BY_TRACK.csv,,,,05_grammar_plus_nonlinear_head,secondary_support,no,yes,related/duplicate evidence; do not count as independent headline
Random_Promoter_DREAM_base_track_17,06_full_ATLAS_Evo,N09_ATLAS_FullTheory_MLP,0.2400928289670282,,,,PHASE5H_R2_MATRIX_MODELS_BY_TRACK.csv,,,,06_full_ATLAS_Evo,secondary_support,no,yes,related/duplicate evidence; do not count as independent headline
Random_Promoter_DREAM_base_track_17,07_full_ATLAS_without_uncertainty_proxy_closest_available,N08_ATLAS_T02_SelectionPotential_MLP,0.2420257121655652,,,,PHASE5H_R2_MATRIX_MODELS_BY_TRACK.csv,,,Closest available nonlinear ATLAS head excluding N07 uncertainty/acquisition proxy; not a perfect engineered leave-one-out ablation.,07_full_ATLAS_without_uncertainty_proxy_closest_available,secondary_support,no,yes,related/duplicate evidence; do not count as independent headline
Random_Promoter_DREAM_base_track_17,08_uncertainty_acquisition_proxy_head,N07_ATLAS_T05_UncertaintyEnsemble_MLP,0.2619503220011705,,,,PHASE5H_R2_MATRIX_MODELS_BY_TRACK.csv,,,,08_uncertainty_acquisition_proxy_head,secondary_support,no,yes,related/duplicate evidence; do not count as independent headline
Random_Promoter_DREAM_base_track_18,01_GC_length_only,M01_GC_length,0.0596886835177468,0.7355335886364287,0.6152213924859151,4000.0,ALL_TRACKS_metrics_summary.csv,headline_base_reference,base-track structured reference,,01_GC_length_only,secondary_support,no,yes,related/duplicate evidence; do not count as independent headline
Random_Promoter_DREAM_base_track_18,02_GC_length_plus_6mer,M02_GC_length_char6,0.5759356705167269,0.4939494997662449,0.3855509310453168,4000.0,ALL_TRACKS_metrics_summary.csv,headline_base_reference,base-track structured reference,Closest available table is GC/length + 6-mer; a pure 6-mer-only row was not identified.,02_GC_length_plus_6mer,secondary_support,no,yes,related/duplicate evidence; do not count as independent headline
Random_Promoter_DREAM_base_track_18,03_grammar_ladder_candidate,M03_GC_length_multi_char6,0.5970815648063692,0.4814766695452126,0.370217871249575,4000.0,ALL_TRACKS_metrics_summary.csv,headline_base_reference,base-track structured reference,,03_grammar_ladder_best,secondary_support,no,yes,related/duplicate evidence; do not count as independent headline
Random_Promoter_DREAM_base_track_18,04_grammar_plus_P01_P05_candidate,T04_observable_alignment_proxy,0.6126186643836083,0.4721022003351542,0.3602559585627627,4000.0,ALL_TRACKS_metrics_summary.csv,headline_base_reference,base-track structured reference,,04_grammar_plus_P01_P05_best,secondary_support,no,yes,related/duplicate evidence; do not count as independent headline
Random_Promoter_DREAM_base_track_18,05_grammar_plus_nonlinear_head,B08_MLPRegressor,0.6296506607109189,,,,PHASE5F_R2_MATRIX_MODELS_BY_TRACK.csv,,,,05_grammar_plus_nonlinear_head,secondary_support,no,yes,related/duplicate evidence; do not count as independent headline
Random_Promoter_DREAM_base_track_18,06_full_ATLAS_Evo,N09_ATLAS_FullTheory_MLP,0.2432154676052716,,,,PHASE5H_R2_MATRIX_MODELS_BY_TRACK.csv,,,,06_full_ATLAS_Evo,secondary_support,no,yes,related/duplicate evidence; do not count as independent headline
Random_Promoter_DREAM_base_track_18,07_full_ATLAS_without_uncertainty_proxy_closest_available,N08_ATLAS_T02_SelectionPotential_MLP,0.6552004351962624,,,,PHASE5H_R2_MATRIX_MODELS_BY_TRACK.csv,,,Closest available nonlinear ATLAS head excluding N07 uncertainty/acquisition proxy; not a perfect engineered leave-one-out ablation.,07_full_ATLAS_without_uncertainty_proxy_closest_available,secondary_support,no,yes,related/duplicate evidence; do not count as independent headline
Random_Promoter_DREAM_base_track_18,08_uncertainty_acquisition_proxy_head,N07_ATLAS_T05_UncertaintyEnsemble_MLP,0.4954576655538544,,,,PHASE5H_R2_MATRIX_MODELS_BY_TRACK.csv,,,,08_uncertainty_acquisition_proxy_head,secondary_support,no,yes,related/duplicate evidence; do not count as independent headline
Random_Promoter_DREAM_base_track_19,01_GC_length_only,M01_GC_length,0.113755315683955,2.2416884627924727,1.7657760222312595,20000.0,ALL_TRACKS_metrics_summary.csv,headline_base_reference,base-track structured reference,,01_GC_length_only,secondary_support,no,yes,related/duplicate evidence; do not count as independent headline
Random_Promoter_DREAM_base_track_19,02_GC_length_plus_6mer,M02_GC_length_char6,0.2631005124164353,2.0441019958424445,1.5782811860108714,20000.0,ALL_TRACKS_metrics_summary.csv,headline_base_reference,base-track structured reference,Closest available table is GC/length + 6-mer; a pure 6-mer-only row was not identified.,02_GC_length_plus_6mer,secondary_support,no,yes,related/duplicate evidence; do not count as independent headline
Random_Promoter_DREAM_base_track_19,03_grammar_ladder_candidate,M03_GC_length_multi_char6,0.2673175163744231,2.038244783280889,1.5735359443487562,20000.0,ALL_TRACKS_metrics_summary.csv,headline_base_reference,base-track structured reference,,03_grammar_ladder_best,secondary_support,no,yes,related/duplicate evidence; do not count as independent headline
Random_Promoter_DREAM_base_track_19,04_grammar_plus_P01_P05_candidate,T04_observable_alignment_proxy,0.2739614602244904,2.028982364864745,1.5662757035199997,20000.0,ALL_TRACKS_metrics_summary.csv,headline_base_reference,base-track structured reference,,04_grammar_plus_P01_P05_best,secondary_support,no,yes,related/duplicate evidence; do not count as independent headline
Random_Promoter_DREAM_base_track_19,05_grammar_plus_nonlinear_head,B08_MLPRegressor_reproducer,0.2250388580796811,,,,PHASE5H_R2_MATRIX_MODELS_BY_TRACK.csv,,,,05_grammar_plus_nonlinear_head,secondary_support,no,yes,related/duplicate evidence; do not count as independent headline
Random_Promoter_DREAM_base_track_19,06_full_ATLAS_Evo,N09_ATLAS_FullTheory_MLP,0.2923026626837034,,,,PHASE5H_R2_MATRIX_MODELS_BY_TRACK.csv,,,,06_full_ATLAS_Evo,secondary_support,no,yes,related/duplicate evidence; do not count as independent headline
Random_Promoter_DREAM_base_track_19,07_full_ATLAS_without_uncertainty_proxy_closest_available,N08_ATLAS_T02_SelectionPotential_MLP,0.2974498291489819,,,,PHASE5H_R2_MATRIX_MODELS_BY_TRACK.csv,,,Closest available nonlinear ATLAS head excluding N07 uncertainty/acquisition proxy; not a perfect engineered leave-one-out ablation.,07_full_ATLAS_without_uncertainty_proxy_closest_available,secondary_support,no,yes,related/duplicate evidence; do not count as independent headline
Random_Promoter_DREAM_base_track_19,08_uncertainty_acquisition_proxy_head,N07_ATLAS_T05_UncertaintyEnsemble_MLP,0.3110707847237521,,,,PHASE5H_R2_MATRIX_MODELS_BY_TRACK.csv,,,,08_uncertainty_acquisition_proxy_head,secondary_support,no,yes,related/duplicate evidence; do not count as independent headline
Random_Promoter_DREAM_base_track_2,01_GC_length_only,M01_GC_length,0.0690145919100142,0.7247006162099205,0.6030073773102583,14221.0,ALL_TRACKS_metrics_summary.csv,headline_base_reference,base-track structured reference,,01_GC_length_only,secondary_support,no,yes,related/duplicate evidence; do not count as independent headline
Random_Promoter_DREAM_base_track_2,02_GC_length_plus_6mer,M02_GC_length_char6,0.5852230090685919,0.4837205320324627,0.3757532992445817,14221.0,ALL_TRACKS_metrics_summary.csv,headline_base_reference,base-track structured reference,Closest available table is GC/length + 6-mer; a pure 6-mer-only row was not identified.,02_GC_length_plus_6mer,secondary_support,no,yes,related/duplicate evidence; do not count as independent headline
Random_Promoter_DREAM_base_track_2,03_grammar_ladder_candidate,M03_GC_length_multi_char6,0.6147079453964217,0.4662106821473173,0.3567364341204999,14221.0,ALL_TRACKS_metrics_summary.csv,headline_base_reference,base-track structured reference,,03_grammar_ladder_best,secondary_support,no,yes,related/duplicate evidence; do not count as independent headline
Random_Promoter_DREAM_base_track_2,04_grammar_plus_P01_P05_candidate,T04_observable_alignment_proxy,0.6491104448680286,0.4449102527550926,0.337080594241646,14221.0,ALL_TRACKS_metrics_summary.csv,headline_base_reference,base-track structured reference,,04_grammar_plus_P01_P05_best,secondary_support,no,yes,related/duplicate evidence; do not count as independent headline
Random_Promoter_DREAM_base_track_2,05_grammar_plus_nonlinear_head,B08_MLPRegressor,0.7382928185815737,,,,PHASE5F_R2_MATRIX_MODELS_BY_TRACK.csv,,,,05_grammar_plus_nonlinear_head,secondary_support,no,yes,related/duplicate evidence; do not count as independent headline
Random_Promoter_DREAM_base_track_2,06_full_ATLAS_Evo,N09_ATLAS_FullTheory_MLP,0.7503531003032482,,,,PHASE5G_ATLAS_MLP_R2_MATRIX.csv,,,,06_full_ATLAS_Evo,secondary_support,no,yes,related/duplicate evidence; do not count as independent headline
Random_Promoter_DREAM_base_track_2,07_full_ATLAS_without_uncertainty_proxy_closest_available,N08_ATLAS_T02_SelectionPotential_MLP,0.7367441251790261,,,,PHASE5H_R2_MATRIX_MODELS_BY_TRACK.csv,,,Closest available nonlinear ATLAS head excluding N07 uncertainty/acquisition proxy; not a perfect engineered leave-one-out ablation.,07_full_ATLAS_without_uncertainty_proxy_closest_available,secondary_support,no,yes,related/duplicate evidence; do not count as independent headline
Random_Promoter_DREAM_base_track_2,08_uncertainty_acquisition_proxy_head,N07_ATLAS_T05_UncertaintyEnsemble_MLP,0.7471380853200451,,,,PHASE5H_R2_MATRIX_MODELS_BY_TRACK.csv,,,,08_uncertainty_acquisition_proxy_head,secondary_support,no,yes,related/duplicate evidence; do not count as independent headline
Random_Promoter_DREAM_base_track_20,01_GC_length_only,M01_GC_length,0.112044925800531,2.233513096502846,1.7566656130978344,4000.0,ALL_TRACKS_metrics_summary.csv,headline_base_reference,base-track structured reference,,01_GC_length_only,secondary_support,no,yes,related/duplicate evidence; do not count as independent headline
Random_Promoter_DREAM_base_track_20,02_GC_length_plus_6mer,M02_GC_length_char6,0.2304626925063355,2.079255440022232,1.6088120121138554,4000.0,ALL_TRACKS_metrics_summary.csv,headline_base_reference,base-track structured reference,Closest available table is GC/length + 6-mer; a pure 6-mer-only row was not identified.,02_GC_length_plus_6mer,secondary_support,no,yes,related/duplicate evidence; do not count as independent headline
Random_Promoter_DREAM_base_track_20,03_grammar_ladder_candidate,M06_GC_length_condition_gated_char6,0.230429871436716,2.0792997800816764,1.608841345743915,4000.0,ALL_TRACKS_metrics_summary.csv,headline_base_reference,base-track structured reference,,03_grammar_ladder_best,secondary_support,no,yes,related/duplicate evidence; do not count as independent headline
Random_Promoter_DREAM_base_track_20,04_grammar_plus_P01_P05_candidate,T02_selection_potential_proxy,0.2304844127903973,2.0792260961963804,1.6087813519791463,4000.0,ALL_TRACKS_metrics_summary.csv,headline_base_reference,base-track structured reference,,04_grammar_plus_P01_P05_best,secondary_support,no,yes,related/duplicate evidence; do not count as independent headline
Random_Promoter_DREAM_base_track_20,05_grammar_plus_nonlinear_head,B08_MLPRegressor_reproducer,0.171041502195236,,,,PHASE5H_R2_MATRIX_MODELS_BY_TRACK.csv,,,,05_grammar_plus_nonlinear_head,secondary_support,no,yes,related/duplicate evidence; do not count as independent headline
Random_Promoter_DREAM_base_track_20,06_full_ATLAS_Evo,N09_ATLAS_FullTheory_MLP,0.2400928289670282,,,,PHASE5H_R2_MATRIX_MODELS_BY_TRACK.csv,,,,06_full_ATLAS_Evo,secondary_support,no,yes,related/duplicate evidence; do not count as independent headline
Random_Promoter_DREAM_base_track_20,07_full_ATLAS_without_uncertainty_proxy_closest_available,N08_ATLAS_T02_SelectionPotential_MLP,0.2420257121655652,,,,PHASE5H_R2_MATRIX_MODELS_BY_TRACK.csv,,,Closest available nonlinear ATLAS head excluding N07 uncertainty/acquisition proxy; not a perfect engineered leave-one-out ablation.,07_full_ATLAS_without_uncertainty_proxy_closest_available,secondary_support,no,yes,related/duplicate evidence; do not count as independent headline
Random_Promoter_DREAM_base_track_20,08_uncertainty_acquisition_proxy_head,N07_ATLAS_T05_UncertaintyEnsemble_MLP,0.2619503220011705,,,,PHASE5H_R2_MATRIX_MODELS_BY_TRACK.csv,,,,08_uncertainty_acquisition_proxy_head,secondary_support,no,yes,related/duplicate evidence; do not count as independent headline
Random_Promoter_DREAM_base_track_3,01_GC_length_only,M01_GC_length,0.119169339176409,2.22159524685882,1.7581471875970516,30000.0,ALL_TRACKS_metrics_summary.csv,headline_base_reference,base-track structured reference,,01_GC_length_only,primary_headline,yes,yes,large-n positive base/reference evidence
Random_Promoter_DREAM_base_track_3,02_GC_length_plus_6mer,M02_GC_length_char6,0.2730127410981144,2.018283294538727,1.5701297696129866,30000.0,ALL_TRACKS_metrics_summary.csv,headline_base_reference,base-track structured reference,Closest available table is GC/length + 6-mer; a pure 6-mer-only row was not identified.,02_GC_length_plus_6mer,primary_headline,yes,yes,large-n positive base/reference evidence
Random_Promoter_DREAM_base_track_3,03_grammar_ladder_candidate,M03_GC_length_multi_char6,0.2761642847673939,2.013903839204759,1.5652815333690406,30000.0,ALL_TRACKS_metrics_summary.csv,headline_base_reference,base-track structured reference,,03_grammar_ladder_best,primary_headline,yes,yes,large-n positive base/reference evidence
Random_Promoter_DREAM_base_track_3,04_grammar_plus_P01_P05_candidate,T04_observable_alignment_proxy,0.2813359087852787,2.006696524468721,1.5577256799271724,30000.0,ALL_TRACKS_metrics_summary.csv,headline_base_reference,base-track structured reference,,04_grammar_plus_P01_P05_best,primary_headline,yes,yes,large-n positive base/reference evidence
Random_Promoter_DREAM_base_track_3,05_grammar_plus_nonlinear_head,B08_MLPRegressor_reproducer,0.243126553690873,,,,PHASE5H_R2_MATRIX_MODELS_BY_TRACK.csv,,,,05_grammar_plus_nonlinear_head,primary_headline,yes,yes,large-n positive base/reference evidence
Random_Promoter_DREAM_base_track_3,06_full_ATLAS_Evo,N09_ATLAS_FullTheory_MLP,0.3089758255723236,,,,PHASE5H_R2_MATRIX_MODELS_BY_TRACK.csv,,,,06_full_ATLAS_Evo,primary_headline,yes,yes,large-n positive base/reference evidence
Random_Promoter_DREAM_base_track_3,07_full_ATLAS_without_uncertainty_proxy_closest_available,N08_ATLAS_T02_SelectionPotential_MLP,0.3061055039539571,,,,PHASE5H_R2_MATRIX_MODELS_BY_TRACK.csv,,,Closest available nonlinear ATLAS head excluding N07 uncertainty/acquisition proxy; not a perfect engineered leave-one-out ablation.,07_full_ATLAS_without_uncertainty_proxy_closest_available,primary_headline,yes,yes,large-n positive base/reference evidence
Random_Promoter_DREAM_base_track_3,08_uncertainty_acquisition_proxy_head,N07_ATLAS_T05_UncertaintyEnsemble_MLP,0.3203563730031269,,,,PHASE5H_R2_MATRIX_MODELS_BY_TRACK.csv,,,,08_uncertainty_acquisition_proxy_head,primary_headline,yes,yes,large-n positive base/reference evidence
Random_Promoter_DREAM_base_track_4,01_GC_length_only,M01_GC_length,0.1121457927924146,2.2450874329152817,1.7690984122870588,30000.0,ALL_TRACKS_metrics_summary.csv,headline_base_reference,base-track structured reference,,01_GC_length_only,primary_headline,yes,yes,large-n positive base/reference evidence
Random_Promoter_DREAM_base_track_4,02_GC_length_plus_6mer,M02_GC_length_char6,0.2727723437498029,2.031877979548766,1.57512860818877,30000.0,ALL_TRACKS_metrics_summary.csv,headline_base_reference,base-track structured reference,Closest available table is GC/length + 6-mer; a pure 6-mer-only row was not identified.,02_GC_length_plus_6mer,primary_headline,yes,yes,large-n positive base/reference evidence
Random_Promoter_DREAM_base_track_4,03_grammar_ladder_candidate,M07_GC_length_condition_gated_multi_char6,0.2759746315191337,2.0273994392694594,1.571460781093008,30000.0,ALL_TRACKS_metrics_summary.csv,headline_base_reference,base-track structured reference,,03_grammar_ladder_best,primary_headline,yes,yes,large-n positive base/reference evidence
Random_Promoter_DREAM_base_track_4,04_grammar_plus_P01_P05_candidate,T04_observable_alignment_proxy,0.284423689686203,2.0155352946950784,1.5614381708980112,30000.0,ALL_TRACKS_metrics_summary.csv,headline_base_reference,base-track structured reference,,04_grammar_plus_P01_P05_best,primary_headline,yes,yes,large-n positive base/reference evidence
Random_Promoter_DREAM_base_track_4,05_grammar_plus_nonlinear_head,B08_MLPRegressor_reproducer,0.2487141908188579,,,,PHASE5H_R2_MATRIX_MODELS_BY_TRACK.csv,,,,05_grammar_plus_nonlinear_head,primary_headline,yes,yes,large-n positive base/reference evidence
Random_Promoter_DREAM_base_track_4,06_full_ATLAS_Evo,N09_ATLAS_FullTheory_MLP,0.3172295496075558,,,,PHASE5H_R2_MATRIX_MODELS_BY_TRACK.csv,,,,06_full_ATLAS_Evo,primary_headline,yes,yes,large-n positive base/reference evidence
Random_Promoter_DREAM_base_track_4,07_full_ATLAS_without_uncertainty_proxy_closest_available,N08_ATLAS_T02_SelectionPotential_MLP,0.3140006279960724,,,,PHASE5H_R2_MATRIX_MODELS_BY_TRACK.csv,,,Closest available nonlinear ATLAS head excluding N07 uncertainty/acquisition proxy; not a perfect engineered leave-one-out ablation.,07_full_ATLAS_without_uncertainty_proxy_closest_available,primary_headline,yes,yes,large-n positive base/reference evidence
Random_Promoter_DREAM_base_track_4,08_uncertainty_acquisition_proxy_head,N07_ATLAS_T05_UncertaintyEnsemble_MLP,0.3291367493809921,,,,PHASE5H_R2_MATRIX_MODELS_BY_TRACK.csv,,,,08_uncertainty_acquisition_proxy_head,primary_headline,yes,yes,large-n positive base/reference evidence
Random_Promoter_DREAM_base_track_5,01_GC_length_only,M01_GC_length,0.0690145919100142,0.7247006162099205,0.6030073773102583,14221.0,ALL_TRACKS_metrics_summary.csv,headline_base_reference,base-track structured reference,,01_GC_length_only,secondary_support,no,yes,related/duplicate evidence; do not count as independent headline
Random_Promoter_DREAM_base_track_5,02_GC_length_plus_6mer,M02_GC_length_char6,0.5852230090685919,0.4837205320324627,0.3757532992445817,14221.0,ALL_TRACKS_metrics_summary.csv,headline_base_reference,base-track structured reference,Closest available table is GC/length + 6-mer; a pure 6-mer-only row was not identified.,02_GC_length_plus_6mer,secondary_support,no,yes,related/duplicate evidence; do not count as independent headline
Random_Promoter_DREAM_base_track_5,03_grammar_ladder_candidate,M03_GC_length_multi_char6,0.6147079453964217,0.4662106821473173,0.3567364341204999,14221.0,ALL_TRACKS_metrics_summary.csv,headline_base_reference,base-track structured reference,,03_grammar_ladder_best,secondary_support,no,yes,related/duplicate evidence; do not count as independent headline
Random_Promoter_DREAM_base_track_5,04_grammar_plus_P01_P05_candidate,T04_observable_alignment_proxy,0.6491104448680286,0.4449102527550926,0.337080594241646,14221.0,ALL_TRACKS_metrics_summary.csv,headline_base_reference,base-track structured reference,,04_grammar_plus_P01_P05_best,secondary_support,no,yes,related/duplicate evidence; do not count as independent headline
Random_Promoter_DREAM_base_track_5,05_grammar_plus_nonlinear_head,B08_MLPRegressor,0.7382928185815737,,,,PHASE5F_R2_MATRIX_MODELS_BY_TRACK.csv,,,,05_grammar_plus_nonlinear_head,secondary_support,no,yes,related/duplicate evidence; do not count as independent headline
Random_Promoter_DREAM_base_track_5,06_full_ATLAS_Evo,N09_ATLAS_FullTheory_MLP,0.7503531003032482,,,,PHASE5G_ATLAS_MLP_R2_MATRIX.csv,,,,06_full_ATLAS_Evo,secondary_support,no,yes,related/duplicate evidence; do not count as independent headline
Random_Promoter_DREAM_base_track_5,07_full_ATLAS_without_uncertainty_proxy_closest_available,N08_ATLAS_T02_SelectionPotential_MLP,0.7367441251790261,,,,PHASE5H_R2_MATRIX_MODELS_BY_TRACK.csv,,,Closest available nonlinear ATLAS head excluding N07 uncertainty/acquisition proxy; not a perfect engineered leave-one-out ablation.,07_full_ATLAS_without_uncertainty_proxy_closest_available,secondary_support,no,yes,related/duplicate evidence; do not count as independent headline
Random_Promoter_DREAM_base_track_5,08_uncertainty_acquisition_proxy_head,N07_ATLAS_T05_UncertaintyEnsemble_MLP,0.7471380853200451,,,,PHASE5H_R2_MATRIX_MODELS_BY_TRACK.csv,,,,08_uncertainty_acquisition_proxy_head,secondary_support,no,yes,related/duplicate evidence; do not count as independent headline
Random_Promoter_DREAM_base_track_6,01_GC_length_only,M01_GC_length,0.1197390038502485,2.219608344087232,1.7561775231488117,30000.0,ALL_TRACKS_metrics_summary.csv,headline_base_reference,base-track structured reference,,01_GC_length_only,primary_headline,yes,yes,large-n positive base/reference evidence
Random_Promoter_DREAM_base_track_6,02_GC_length_plus_6mer,M02_GC_length_char6,0.2728633403584585,2.017337862547452,1.5683476116146782,30000.0,ALL_TRACKS_metrics_summary.csv,headline_base_reference,base-track structured reference,Closest available table is GC/length + 6-mer; a pure 6-mer-only row was not identified.,02_GC_length_plus_6mer,primary_headline,yes,yes,large-n positive base/reference evidence
Random_Promoter_DREAM_base_track_6,03_grammar_ladder_candidate,M03_GC_length_multi_char6,0.2754195112932557,2.013788873339987,1.564193094494963,30000.0,ALL_TRACKS_metrics_summary.csv,headline_base_reference,base-track structured reference,,03_grammar_ladder_best,primary_headline,yes,yes,large-n positive base/reference evidence
Random_Promoter_DREAM_base_track_6,04_grammar_plus_P01_P05_candidate,T04_observable_alignment_proxy,0.2807902429077594,2.0063116944466635,1.556483215049511,30000.0,ALL_TRACKS_metrics_summary.csv,headline_base_reference,base-track structured reference,,04_grammar_plus_P01_P05_best,primary_headline,yes,yes,large-n positive base/reference evidence
Random_Promoter_DREAM_base_track_6,05_grammar_plus_nonlinear_head,B08_MLPRegressor_reproducer,0.2437534378830241,,,,PHASE5H_R2_MATRIX_MODELS_BY_TRACK.csv,,,,05_grammar_plus_nonlinear_head,primary_headline,yes,yes,large-n positive base/reference evidence
Random_Promoter_DREAM_base_track_6,06_full_ATLAS_Evo,N09_ATLAS_FullTheory_MLP,0.3127256762978925,,,,PHASE5H_R2_MATRIX_MODELS_BY_TRACK.csv,,,,06_full_ATLAS_Evo,primary_headline,yes,yes,large-n positive base/reference evidence
Random_Promoter_DREAM_base_track_6,07_full_ATLAS_without_uncertainty_proxy_closest_available,N08_ATLAS_T02_SelectionPotential_MLP,0.3080510871476478,,,,PHASE5H_R2_MATRIX_MODELS_BY_TRACK.csv,,,Closest available nonlinear ATLAS head excluding N07 uncertainty/acquisition proxy; not a perfect engineered leave-one-out ablation.,07_full_ATLAS_without_uncertainty_proxy_closest_available,primary_headline,yes,yes,large-n positive base/reference evidence
Random_Promoter_DREAM_base_track_6,08_uncertainty_acquisition_proxy_head,N07_ATLAS_T05_UncertaintyEnsemble_MLP,0.3226057758047669,,,,PHASE5H_R2_MATRIX_MODELS_BY_TRACK.csv,,,,08_uncertainty_acquisition_proxy_head,primary_headline,yes,yes,large-n positive base/reference evidence
Random_Promoter_DREAM_base_track_7,01_GC_length_only,M01_GC_length,0.1161195283458447,2.222132780563799,1.756001688264173,30000.0,ALL_TRACKS_metrics_summary.csv,headline_base_reference,base-track structured reference,,01_GC_length_only,primary_headline,yes,yes,large-n positive base/reference evidence
Random_Promoter_DREAM_base_track_7,02_GC_length_plus_6mer,M02_GC_length_char6,0.2798106131715937,2.0058414204262616,1.5532795798067138,30000.0,ALL_TRACKS_metrics_summary.csv,headline_base_reference,base-track structured reference,Closest available table is GC/length + 6-mer; a pure 6-mer-only row was not identified.,02_GC_length_plus_6mer,primary_headline,yes,yes,large-n positive base/reference evidence
Random_Promoter_DREAM_base_track_7,03_grammar_ladder_candidate,M07_GC_length_condition_gated_multi_char6,0.2812916826954299,2.003777852438384,1.5523384821393915,30000.0,ALL_TRACKS_metrics_summary.csv,headline_base_reference,base-track structured reference,,03_grammar_ladder_best,primary_headline,yes,yes,large-n positive base/reference evidence
Random_Promoter_DREAM_base_track_7,04_grammar_plus_P01_P05_candidate,T04_observable_alignment_proxy,0.2876585702977691,1.9948825825181584,1.5436625248929747,30000.0,ALL_TRACKS_metrics_summary.csv,headline_base_reference,base-track structured reference,,04_grammar_plus_P01_P05_best,primary_headline,yes,yes,large-n positive base/reference evidence
Random_Promoter_DREAM_base_track_7,05_grammar_plus_nonlinear_head,B08_MLPRegressor_reproducer,0.2440569895807701,,,,PHASE5H_R2_MATRIX_MODELS_BY_TRACK.csv,,,,05_grammar_plus_nonlinear_head,primary_headline,yes,yes,large-n positive base/reference evidence
Random_Promoter_DREAM_base_track_7,06_full_ATLAS_Evo,N09_ATLAS_FullTheory_MLP,0.3139723929845812,,,,PHASE5H_R2_MATRIX_MODELS_BY_TRACK.csv,,,,06_full_ATLAS_Evo,primary_headline,yes,yes,large-n positive base/reference evidence
Random_Promoter_DREAM_base_track_7,07_full_ATLAS_without_uncertainty_proxy_closest_available,N08_ATLAS_T02_SelectionPotential_MLP,0.3106455030322088,,,,PHASE5H_R2_MATRIX_MODELS_BY_TRACK.csv,,,Closest available nonlinear ATLAS head excluding N07 uncertainty/acquisition proxy; not a perfect engineered leave-one-out ablation.,07_full_ATLAS_without_uncertainty_proxy_closest_available,primary_headline,yes,yes,large-n positive base/reference evidence
Random_Promoter_DREAM_base_track_7,08_uncertainty_acquisition_proxy_head,N07_ATLAS_T05_UncertaintyEnsemble_MLP,0.3266890983842733,,,,PHASE5H_R2_MATRIX_MODELS_BY_TRACK.csv,,,,08_uncertainty_acquisition_proxy_head,primary_headline,yes,yes,large-n positive base/reference evidence
Random_Promoter_DREAM_base_track_8,01_GC_length_only,M01_GC_length,0.1238801155565734,2.249608529623956,1.7690491119997418,4000.0,ALL_TRACKS_metrics_summary.csv,headline_base_reference,base-track structured reference,,01_GC_length_only,primary_headline,yes,yes,large-n positive base/reference evidence
Random_Promoter_DREAM_base_track_8,02_GC_length_plus_6mer,M02_GC_length_char6,0.2730868197078869,2.049115569458318,1.5843434875273332,4000.0,ALL_TRACKS_metrics_summary.csv,headline_base_reference,base-track structured reference,Closest available table is GC/length + 6-mer; a pure 6-mer-only row was not identified.,02_GC_length_plus_6mer,primary_headline,yes,yes,large-n positive base/reference evidence
Random_Promoter_DREAM_base_track_8,03_grammar_ladder_candidate,M06_GC_length_condition_gated_char6,0.273084339829851,2.049119064753559,1.5843669786840853,4000.0,ALL_TRACKS_metrics_summary.csv,headline_base_reference,base-track structured reference,,03_grammar_ladder_best,primary_headline,yes,yes,large-n positive base/reference evidence
Random_Promoter_DREAM_base_track_8,04_grammar_plus_P01_P05_candidate,T02_selection_potential_proxy,0.2733663743201212,2.0487215094729474,1.584091330581663,4000.0,ALL_TRACKS_metrics_summary.csv,headline_base_reference,base-track structured reference,,04_grammar_plus_P01_P05_best,primary_headline,yes,yes,large-n positive base/reference evidence
Random_Promoter_DREAM_base_track_8,05_grammar_plus_nonlinear_head,B08_MLPRegressor_reproducer,0.2047196674863786,,,,PHASE5H_R2_MATRIX_MODELS_BY_TRACK.csv,,,,05_grammar_plus_nonlinear_head,primary_headline,yes,yes,large-n positive base/reference evidence
Random_Promoter_DREAM_base_track_8,06_full_ATLAS_Evo,N09_ATLAS_FullTheory_MLP,0.2647090128694328,,,,PHASE5H_R2_MATRIX_MODELS_BY_TRACK.csv,,,,06_full_ATLAS_Evo,primary_headline,yes,yes,large-n positive base/reference evidence
Random_Promoter_DREAM_base_track_8,07_full_ATLAS_without_uncertainty_proxy_closest_available,N08_ATLAS_T02_SelectionPotential_MLP,0.2682007056398829,,,,PHASE5H_R2_MATRIX_MODELS_BY_TRACK.csv,,,Closest available nonlinear ATLAS head excluding N07 uncertainty/acquisition proxy; not a perfect engineered leave-one-out ablation.,07_full_ATLAS_without_uncertainty_proxy_closest_available,primary_headline,yes,yes,large-n positive base/reference evidence
Random_Promoter_DREAM_base_track_8,08_uncertainty_acquisition_proxy_head,N07_ATLAS_T05_UncertaintyEnsemble_MLP,0.2842555974926897,,,,PHASE5H_R2_MATRIX_MODELS_BY_TRACK.csv,,,,08_uncertainty_acquisition_proxy_head,primary_headline,yes,yes,large-n positive base/reference evidence
Random_Promoter_DREAM_base_track_9,01_GC_length_only,M01_GC_length,0.0596886835177468,0.7355335886364287,0.6152213924859151,4000.0,ALL_TRACKS_metrics_summary.csv,headline_base_reference,base-track structured reference,,01_GC_length_only,secondary_support,no,yes,related/duplicate evidence; do not count as independent headline
Random_Promoter_DREAM_base_track_9,02_GC_length_plus_6mer,M02_GC_length_char6,0.5759356705167269,0.4939494997662449,0.3855509310453168,4000.0,ALL_TRACKS_metrics_summary.csv,headline_base_reference,base-track structured reference,Closest available table is GC/length + 6-mer; a pure 6-mer-only row was not identified.,02_GC_length_plus_6mer,secondary_support,no,yes,related/duplicate evidence; do not count as independent headline
Random_Promoter_DREAM_base_track_9,03_grammar_ladder_candidate,M03_GC_length_multi_char6,0.5970815648063692,0.4814766695452126,0.370217871249575,4000.0,ALL_TRACKS_metrics_summary.csv,headline_base_reference,base-track structured reference,,03_grammar_ladder_best,secondary_support,no,yes,related/duplicate evidence; do not count as independent headline
Random_Promoter_DREAM_base_track_9,04_grammar_plus_P01_P05_candidate,T04_observable_alignment_proxy,0.6126186643836083,0.4721022003351542,0.3602559585627627,4000.0,ALL_TRACKS_metrics_summary.csv,headline_base_reference,base-track structured reference,,04_grammar_plus_P01_P05_best,secondary_support,no,yes,related/duplicate evidence; do not count as independent headline
Random_Promoter_DREAM_base_track_9,05_grammar_plus_nonlinear_head,B08_MLPRegressor,0.6296506607109189,,,,PHASE5F_R2_MATRIX_MODELS_BY_TRACK.csv,,,,05_grammar_plus_nonlinear_head,secondary_support,no,yes,related/duplicate evidence; do not count as independent headline
Random_Promoter_DREAM_base_track_9,06_full_ATLAS_Evo,N09_ATLAS_FullTheory_MLP,0.2432154676052716,,,,PHASE5H_R2_MATRIX_MODELS_BY_TRACK.csv,,,,06_full_ATLAS_Evo,secondary_support,no,yes,related/duplicate evidence; do not count as independent headline
Random_Promoter_DREAM_base_track_9,07_full_ATLAS_without_uncertainty_proxy_closest_available,N08_ATLAS_T02_SelectionPotential_MLP,0.6552004351962624,,,,PHASE5H_R2_MATRIX_MODELS_BY_TRACK.csv,,,Closest available nonlinear ATLAS head excluding N07 uncertainty/acquisition proxy; not a perfect engineered leave-one-out ablation.,07_full_ATLAS_without_uncertainty_proxy_closest_available,secondary_support,no,yes,related/duplicate evidence; do not count as independent headline
Random_Promoter_DREAM_base_track_9,08_uncertainty_acquisition_proxy_head,N07_ATLAS_T05_UncertaintyEnsemble_MLP,0.4954576655538544,,,,PHASE5H_R2_MATRIX_MODELS_BY_TRACK.csv,,,,08_uncertainty_acquisition_proxy_head,secondary_support,no,yes,related/duplicate evidence; do not count as independent headline
extra_test_inregime_predictions_v0,01_GC_length_only,M01_GC_length,-21.152661269678497,7.059606442697838,6.924579281869996,20000.0,ALL_TRACKS_metrics_summary.csv,exploratory_extra,extra empirical sequence-target branch,,01_GC_length_only,exploratory_only,no,yes,prediction-derived or extra branch; not headline evidence
extra_test_inregime_predictions_v0,02_GC_length_plus_6mer,M02_GC_length_char6,-20.96174547352112,7.029120109099092,6.924579281885107,20000.0,ALL_TRACKS_metrics_summary.csv,exploratory_extra,extra empirical sequence-target branch,Closest available table is GC/length + 6-mer; a pure 6-mer-only row was not identified.,02_GC_length_plus_6mer,exploratory_only,no,yes,prediction-derived or extra branch; not headline evidence
extra_test_inregime_predictions_v0,03_grammar_ladder_candidate,M09_dynamic_condition_weighted_multi_char6,-20.82777179096411,7.007647369177582,6.893101972183899,20000.0,ALL_TRACKS_metrics_summary.csv,exploratory_extra,extra empirical sequence-target branch,,03_grammar_ladder_best,exploratory_only,no,yes,prediction-derived or extra branch; not headline evidence
extra_test_inregime_predictions_v0,04_grammar_plus_P01_P05_candidate,T02_selection_potential_proxy,-20.96182973868041,7.029133594123729,6.924579281886108,20000.0,ALL_TRACKS_metrics_summary.csv,exploratory_extra,extra empirical sequence-target branch,,04_grammar_plus_P01_P05_best,exploratory_only,no,yes,prediction-derived or extra branch; not headline evidence
extra_test_inregime_predictions_v0,05_grammar_plus_nonlinear_head,B08_MLPRegressor_reproducer,-0.0186109358571329,,,,PHASE5H_R2_MATRIX_MODELS_BY_TRACK.csv,,,,05_grammar_plus_nonlinear_head,exploratory_only,no,yes,prediction-derived or extra branch; not headline evidence
extra_test_inregime_predictions_v0,06_full_ATLAS_Evo,N09_ATLAS_FullTheory_MLP,0.9459960846421864,,,,PHASE5H_R2_MATRIX_MODELS_BY_TRACK.csv,,,,06_full_ATLAS_Evo,exploratory_only,no,yes,prediction-derived or extra branch; not headline evidence
extra_test_inregime_predictions_v0,07_full_ATLAS_without_uncertainty_proxy_closest_available,N08_ATLAS_T02_SelectionPotential_MLP,0.9439603337107516,,,,PHASE5H_R2_MATRIX_MODELS_BY_TRACK.csv,,,Closest available nonlinear ATLAS head excluding N07 uncertainty/acquisition proxy; not a perfect engineered leave-one-out ablation.,07_full_ATLAS_without_uncertainty_proxy_closest_available,exploratory_only,no,yes,prediction-derived or extra branch; not headline evidence
extra_test_inregime_predictions_v0,08_uncertainty_acquisition_proxy_head,N07_ATLAS_T05_UncertaintyEnsemble_MLP,0.9489611439066932,,,,PHASE5H_R2_MATRIX_MODELS_BY_TRACK.csv,,,,08_uncertainty_acquisition_proxy_head,exploratory_only,no,yes,prediction-derived or extra branch; not headline evidence
extra_test_maude_shift_predictions_v0,01_GC_length_only,M01_GC_length,-12.798214302690086,7.766008290512656,7.509203121281319,20000.0,ALL_TRACKS_metrics_summary.csv,exploratory_extra,extra empirical sequence-target branch,,01_GC_length_only,exploratory_only,no,yes,prediction-derived or extra branch; not headline evidence
extra_test_maude_shift_predictions_v0,02_GC_length_plus_6mer,M02_GC_length_char6,-12.419149028750349,7.658591316194609,7.509203121280789,20000.0,ALL_TRACKS_metrics_summary.csv,exploratory_extra,extra empirical sequence-target branch,Closest available table is GC/length + 6-mer; a pure 6-mer-only row was not identified.,02_GC_length_plus_6mer,exploratory_only,no,yes,prediction-derived or extra branch; not headline evidence
extra_test_maude_shift_predictions_v0,03_grammar_ladder_candidate,M09_dynamic_condition_weighted_multi_char6,-12.164092131389452,7.585458968795539,7.4293832650539935,20000.0,ALL_TRACKS_metrics_summary.csv,exploratory_extra,extra empirical sequence-target branch,,03_grammar_ladder_best,exploratory_only,no,yes,prediction-derived or extra branch; not headline evidence
extra_test_maude_shift_predictions_v0,04_grammar_plus_P01_P05_candidate,T02_selection_potential_proxy,-12.418899970810417,7.658520244555772,7.509203121280775,20000.0,ALL_TRACKS_metrics_summary.csv,exploratory_extra,extra empirical sequence-target branch,,04_grammar_plus_P01_P05_best,exploratory_only,no,yes,prediction-derived or extra branch; not headline evidence
extra_test_maude_shift_predictions_v0,05_grammar_plus_nonlinear_head,B08_MLPRegressor_reproducer,-0.001765772404046,,,,PHASE5H_R2_MATRIX_MODELS_BY_TRACK.csv,,,,05_grammar_plus_nonlinear_head,exploratory_only,no,yes,prediction-derived or extra branch; not headline evidence
extra_test_maude_shift_predictions_v0,06_full_ATLAS_Evo,N09_ATLAS_FullTheory_MLP,0.9906982599387776,,,,PHASE5H_R2_MATRIX_MODELS_BY_TRACK.csv,,,,06_full_ATLAS_Evo,exploratory_only,no,yes,prediction-derived or extra branch; not headline evidence
extra_test_maude_shift_predictions_v0,07_full_ATLAS_without_uncertainty_proxy_closest_available,N08_ATLAS_T02_SelectionPotential_MLP,0.9897799877975162,,,,PHASE5H_R2_MATRIX_MODELS_BY_TRACK.csv,,,Closest available nonlinear ATLAS head excluding N07 uncertainty/acquisition proxy; not a perfect engineered leave-one-out ablation.,07_full_ATLAS_without_uncertainty_proxy_closest_available,exploratory_only,no,yes,prediction-derived or extra branch; not headline evidence
extra_test_maude_shift_predictions_v0,08_uncertainty_acquisition_proxy_head,N07_ATLAS_T05_UncertaintyEnsemble_MLP,0.991104806664817,,,,PHASE5H_R2_MATRIX_MODELS_BY_TRACK.csv,,,,08_uncertainty_acquisition_proxy_head,exploratory_only,no,yes,prediction-derived or extra branch; not headline evidence
extra_val_inregime_predictions_v0,01_GC_length_only,M01_GC_length,-21.52959053211625,7.056007152990949,6.922842421074539,20000.0,ALL_TRACKS_metrics_summary.csv,exploratory_extra,extra empirical sequence-target branch,,01_GC_length_only,exploratory_only,no,yes,prediction-derived or extra branch; not headline evidence
extra_val_inregime_predictions_v0,02_GC_length_plus_6mer,M02_GC_length_char6,-21.33319299735555,7.025185116541581,6.922842421061608,20000.0,ALL_TRACKS_metrics_summary.csv,exploratory_extra,extra empirical sequence-target branch,Closest available table is GC/length + 6-mer; a pure 6-mer-only row was not identified.,02_GC_length_plus_6mer,exploratory_only,no,yes,prediction-derived or extra branch; not headline evidence
extra_val_inregime_predictions_v0,03_grammar_ladder_candidate,M09_dynamic_condition_weighted_multi_char6,-20.89873013064813,6.95651664901361,6.847012696474755,20000.0,ALL_TRACKS_metrics_summary.csv,exploratory_extra,extra empirical sequence-target branch,,03_grammar_ladder_best,exploratory_only,no,yes,prediction-derived or extra branch; not headline evidence
extra_val_inregime_predictions_v0,04_grammar_plus_P01_P05_candidate,T02_selection_potential_proxy,-21.33328725199248,7.025199941013253,6.92284242106069,20000.0,ALL_TRACKS_metrics_summary.csv,exploratory_extra,extra empirical sequence-target branch,,04_grammar_plus_P01_P05_best,exploratory_only,no,yes,prediction-derived or extra branch; not headline evidence
extra_val_inregime_predictions_v0,05_grammar_plus_nonlinear_head,B08_MLPRegressor_reproducer,-0.0207249892568901,,,,PHASE5H_R2_MATRIX_MODELS_BY_TRACK.csv,,,,05_grammar_plus_nonlinear_head,exploratory_only,no,yes,prediction-derived or extra branch; not headline evidence
extra_val_inregime_predictions_v0,06_full_ATLAS_Evo,N09_ATLAS_FullTheory_MLP,0.94679093335529,,,,PHASE5H_R2_MATRIX_MODELS_BY_TRACK.csv,,,,06_full_ATLAS_Evo,exploratory_only,no,yes,prediction-derived or extra branch; not headline evidence
extra_val_inregime_predictions_v0,07_full_ATLAS_without_uncertainty_proxy_closest_available,N08_ATLAS_T02_SelectionPotential_MLP,0.9451390641730464,,,,PHASE5H_R2_MATRIX_MODELS_BY_TRACK.csv,,,Closest available nonlinear ATLAS head excluding N07 uncertainty/acquisition proxy; not a perfect engineered leave-one-out ablation.,07_full_ATLAS_without_uncertainty_proxy_closest_available,exploratory_only,no,yes,prediction-derived or extra branch; not headline evidence
extra_val_inregime_predictions_v0,08_uncertainty_acquisition_proxy_head,N07_ATLAS_T05_UncertaintyEnsemble_MLP,0.9490949128836328,,,,PHASE5H_R2_MATRIX_MODELS_BY_TRACK.csv,,,,08_uncertainty_acquisition_proxy_head,exploratory_only,no,yes,prediction-derived or extra branch; not headline evidence
