file,status,y_true,y_pred,model,track,uncertainty,id,sequence,n_rows_after_filter,n_track_model_pairs
,processed,y_true,y_pred,model_name,track_name,pred_std,id,,75000,2.0
,processed,y_true,y_pred,model_name,track_name,pred_std,id,,179124,2.0
,processed,y_true,y_pred,model_name,track_name,pred_std,id,,65952,2.0
,processed,y_true,y_pred,model_name,track_name,pred_std,id,,40000,2.0
,processed,y_true,y_pred,model_name,track_name,pred_std,id,,28442,2.0
,processed,y_true,y_pred,model_name,track_name,pred_std,id,,60000,2.0
,processed,y_true,y_pred,model_name,track_name,pred_std,id,,60000,2.0
,processed,y_true,y_pred,model_name,track_name,pred_std,id,,28442,2.0
,processed,y_true,y_pred,model_name,track_name,pred_std,id,,60000,2.0
,processed,y_true,y_pred,model_name,track_name,pred_std,id,,60000,2.0
,processed,y_true,y_pred,model_name,track_name,pred_std,id,,8000,2.0
,processed,y_true,y_pred,model_name,track_name,pred_std,id,,8000,2.0
,processed,y_true,y_pred,model_name,track_name,pred_std,id,,40000,2.0
,processed,y_true,y_pred,model_name,track_name,pred_std,id,,40000,2.0
,processed,y_true,y_pred,model_name,track_name,pred_std,id,,8000,2.0
,processed,y_true,y_pred,model_name,track_name,pred_std,id,,8000,2.0
,processed,y_true,y_pred,model_name,track_name,pred_std,id,,8000,2.0
,processed,y_true,y_pred,model_name,track_name,pred_std,id,,40000,2.0
,processed,y_true,y_pred,model_name,track_name,pred_std,id,,40000,2.0
,processed,y_true,y_pred,model_name,track_name,pred_std,id,,59704,2.0
,processed,y_true,y_pred,model_name,track_name,pred_std,id,,8000,2.0
,processed,y_true,y_pred,model_name,track_name,pred_std,id,,8000,2.0
,processed,y_true,y_pred,model_name,track_name,pred_std,id,,40000,2.0
,processed,y_true,y_pred,model_name,track_name,pred_std,id,,8000,2.0
,processed,y_true,y_pred,model_name,track_name,pred_std,id,,3000,2.0
,processed,y_true,y_pred,model_name,track_name,pred_std,id,,40000,2.0
,processed,y_true,y_pred,model_name,track_name,pred_std,id,,75000,2.0
,processed,y_true,y_pred,model_name,track_name,pred_std,id,,20,2.0
,processed,y_true,y_pred,model_name,track_name,pred_std,id,,20,2.0
,processed,y_true,y_pred,model_name,track_name,pred_std,id,,20,2.0
,processed,y_true,y_pred,model_name,track_name,pred_std,id,,20,2.0
,processed,y_true,y_pred,model_name,track_name,pred_std,id,,20,2.0
,processed,y_true,y_pred,model_name,track_name,pred_std,id,,266,2.0
,processed,y_true,y_pred,model_id,track_name,,model_id,,142210,10.0
,skipped_no_rows_after_filter,y_true,y_pred,model,track,uncertainty,id,sequence,0,
,skipped_missing_y_columns,analysis_type,,,,,,,0,
,skipped_no_rows_after_filter,detected_true_col,detected_pred_col,__model_name,__track_name,,,,0,
,processed,y_true,y_pred,model_id,track_name,,row_id,,450000,12.0
,processed,mean_true,mean_pred,__model_name,__track_name,,,,10,1.0
,processed,y_true,y_pred,model_id,track_name,,row_id,,626934,7.0
,processed,y_true,y_pred,model_id,track_name,y_pred_std,row_id,,75000,2.0
,processed,y_true,y_pred,model_id,track_name,,row_id,,395712,12.0
,processed,y_true,y_pred,model_id,track_name,,row_id,,240000,12.0
,processed,y_true,y_pred,model_id,track_name,,row_id,,99547,7.0
,processed,y_true,y_pred,model_id,track_name,,row_id,,210000,7.0
,processed,y_true,y_pred,model_id,track_name,,row_id,,210000,7.0
,processed,y_true,y_pred,model_id,track_name,,row_id,,99547,7.0
,processed,y_true,y_pred,model_id,track_name,,row_id,,210000,7.0
,processed,y_true,y_pred,model_id,track_name,,row_id,,210000,7.0
,processed,y_true,y_pred,model_id,track_name,,row_id,,28000,7.0
,processed,y_true,y_pred,model_id,track_name,,row_id,,28000,7.0
,processed,y_true,y_pred,model_id,track_name,,row_id,,240000,12.0
,processed,y_true,y_pred,model_id,track_name,,row_id,,140000,7.0
,processed,y_true,y_pred,model_id,track_name,,row_id,,28000,7.0
,processed,y_true,y_pred,model_id,track_name,,row_id,,28000,7.0
,processed,y_true,y_pred,model_id,track_name,,row_id,,28000,7.0
,processed,y_true,y_pred,model_id,track_name,,row_id,,140000,7.0
,processed,y_true,y_pred,model_id,track_name,,row_id,,140000,7.0
,processed,y_true,y_pred,model_id,track_name,,row_id,,208964,7.0
,processed,y_true,y_pred,model_id,track_name,,row_id,,28000,7.0
,processed,y_true,y_pred,model_id,track_name,,row_id,,28000,7.0
,processed,y_true,y_pred,model_id,track_name,,row_id,,140000,7.0
,processed,y_true,y_pred,model_id,track_name,,row_id,,28000,7.0
,processed,y_true,y_pred,model_id,track_name,,row_id,,18000,12.0
,processed,y_true,y_pred,model_id,track_name,,row_id,,240000,12.0
,processed,y_true,y_pred,model_id,track_name,,row_id,,4176,12.0
,processed,y_true,y_pred,model_id,track_name,,row_id,,450000,12.0
,processed,y_true,y_pred,model_id,track_name,,row_id,,70,7.0
,processed,y_true,y_pred,model_id,track_name,,row_id,,70,7.0
,processed,y_true,y_pred,model_id,track_name,,row_id,,70,7.0
,processed,y_true,y_pred,model_id,track_name,,row_id,,70,7.0
,processed,y_true,y_pred,model_id,track_name,,row_id,,70,7.0
,processed,y_true,y_pred,model_id,track_name,,row_id,,4608,12.0
,processed,y_true,y_pred,model_id,track_name,,row_id,,4176,12.0
,processed,mean_true,mean_pred,__model_name,__track_name,,,,10,1.0
,processed,y_true,y_pred,model_id,track_name,,row_id,,4608,12.0
,processed,y_true,y_pred,model_id,track_name,y_pred_std,row_id,,179124,2.0
,processed,mean_true,mean_pred,__model_name,__track_name,,,,10,1.0
,processed,y_true,y_pred,model_id,track_name,y_pred_std,row_id,,65952,2.0
,processed,y_true,y_pred,model_id,track_name,y_pred_std,row_id,,40000,2.0
,processed,y_true,y_pred,model_id,track_name,,row_id,,1596,12.0
,processed,y_true,y_pred,model_id,track_name,,row_id,,4608,12.0
,processed,y_true,y_pred,model_id,track_name,y_pred_std,row_id,,28442,2.0
,processed,y_true,y_pred,model_id,track_name,y_pred_std,row_id,,60000,2.0
,processed,y_true,y_pred,model_id,track_name,y_pred_std,row_id,,60000,2.0
,processed,y_true,y_pred,model_id,track_name,y_pred_std,row_id,,28442,2.0
,processed,y_true,y_pred,model_id,track_name,y_pred_std,row_id,,60000,2.0
,processed,y_true,y_pred,model_id,track_name,y_pred_std,row_id,,60000,2.0
,processed,y_true,y_pred,model_id,track_name,y_pred_std,row_id,,8000,2.0
,processed,y_true,y_pred,model_id,track_name,y_pred_std,row_id,,8000,2.0
,processed,y_true,y_pred,model_id,track_name,y_pred_std,row_id,,40000,2.0
,processed,y_true,y_pred,model_id,track_name,,row_id,,4608,12.0
,processed,y_true,y_pred,model_id,track_name,y_pred_std,row_id,,40000,2.0
,processed,y_true,y_pred,model_id,track_name,y_pred_std,row_id,,8000,2.0
,processed,y_true,y_pred,model_id,track_name,y_pred_std,row_id,,8000,2.0
,processed,y_true,y_pred,model_id,track_name,y_pred_std,row_id,,8000,2.0
,processed,y_true,y_pred,model_id,track_name,y_pred_std,row_id,,40000,2.0
,processed,y_true,y_pred,model_id,track_name,y_pred_std,row_id,,40000,2.0
,processed,y_true,y_pred,model_id,track_name,y_pred_std,row_id,,59704,2.0
,processed,y_true,y_pred,model_id,track_name,y_pred_std,row_id,,8000,2.0
,processed,y_true,y_pred,model_id,track_name,y_pred_std,row_id,,8000,2.0
,processed,y_true,y_pred,model_id,track_name,y_pred_std,row_id,,40000,2.0
,processed,y_true,y_pred,model_id,track_name,y_pred_std,row_id,,8000,2.0
,processed,y_true,y_pred,model_id,track_name,y_pred_std,row_id,,3000,2.0
,processed,y_true,y_pred,model_id,track_name,y_pred_std,row_id,,40000,2.0
,processed,y_true,y_pred,model_id,track_name,,row_id,,63,7.0
,processed,y_true,y_pred,model_id,track_name,,row_id,,63,7.0
,processed,y_true,y_pred,model_id,track_name,y_pred_std,row_id,,75000,2.0
,processed,y_true,y_pred,model_id,track_name,y_pred_std,row_id,,20,2.0
,processed,y_true,y_pred,model_id,track_name,y_pred_std,row_id,,20,2.0
,processed,y_true,y_pred,model_id,track_name,y_pred_std,row_id,,20,2.0
,processed,y_true,y_pred,model_id,track_name,y_pred_std,row_id,,20,2.0
,processed,y_true,y_pred,model_id,track_name,y_pred_std,row_id,,20,2.0
,processed,mean_true,mean_pred,__model_name,__track_name,,,,10,1.0
,processed,y_true,y_pred,model_id,track_name,y_pred_std,row_id,,266,2.0
,skipped_missing_y_columns,target,,,,,id,sequence,0,
,skipped_missing_y_columns,target,,,,,id,sequence,0,
,skipped_missing_y_columns,target,,,,,id,sequence,0,
,processed,y_true,y_pred,model_name,track_name,pred_std,id,,28442,2.0
,processed,y_true,y_pred,model_name,track_name,pred_std,id,,28442,2.0
,processed,y_true,y_pred,model_name,track_name,pred_std,id,,8000,2.0
,processed,y_true,y_pred,model_name,track_name,pred_std,id,,8000,2.0
,processed,y_true,y_pred,model_name,track_name,pred_std,id,,8000,2.0
,processed,y_true,y_pred,model_name,track_name,pred_std,id,,8000,2.0
,processed,y_true,y_pred,model_name,track_name,pred_std,id,,8000,2.0
,processed,y_true,y_pred,model_name,track_name,pred_std,id,,8000,2.0
,processed,y_true,y_pred,model_name,track_name,pred_std,id,,8000,2.0
,processed,y_true,y_pred,model_name,track_name,pred_std,id,,8000,2.0
,processed,y_true,y_pred,model_name,track_name,pred_std,id,,3000,2.0
,processed,y_true,y_pred,model_name,track_name,pred_std,id,,20,2.0
,processed,y_true,y_pred,model_name,track_name,pred_std,id,,20,2.0
,processed,y_true,y_pred,model_name,track_name,pred_std,id,,20,2.0
,processed,y_true,y_pred,model_name,track_name,pred_std,id,,20,2.0
,processed,y_true,y_pred,model_name,track_name,pred_std,id,,20,2.0
,processed,y_true,y_pred,model_name,track_name,pred_std,id,,266,2.0
,processed,y_true,y_pred,model_id,track_name,,row_id,,99547,7.0
,processed,y_true,y_pred,model_id,track_name,,row_id,,210000,7.0
,processed,y_true,y_pred,model_id,track_name,,row_id,,210000,7.0
,processed,y_true,y_pred,model_id,track_name,,row_id,,99547,7.0
,processed,y_true,y_pred,model_id,track_name,,row_id,,210000,7.0
,processed,y_true,y_pred,model_id,track_name,,row_id,,210000,7.0
,processed,y_true,y_pred,model_id,track_name,,row_id,,28000,7.0
,processed,y_true,y_pred,model_id,track_name,,row_id,,28000,7.0
,processed,y_true,y_pred,model_id,track_name,,row_id,,140000,7.0
,processed,y_true,y_pred,model_id,track_name,,row_id,,28000,7.0
,processed,y_true,y_pred,model_id,track_name,,row_id,,28000,7.0
,processed,y_true,y_pred,model_id,track_name,,row_id,,28000,7.0
,processed,y_true,y_pred,model_id,track_name,,row_id,,140000,7.0
,processed,y_true,y_pred,model_id,track_name,,row_id,,140000,7.0
,processed,y_true,y_pred,model_id,track_name,,row_id,,208964,7.0
,processed,y_true,y_pred,model_id,track_name,,row_id,,28000,7.0
,processed,y_true,y_pred,model_id,track_name,,row_id,,28000,7.0
,processed,y_true,y_pred,model_id,track_name,,row_id,,140000,7.0
,processed,y_true,y_pred,model_id,track_name,,row_id,,28000,7.0
,processed,y_true,y_pred,model_id,track_name,,row_id,,18000,12.0
,processed,y_true,y_pred,model_id,track_name,,row_id,,4176,12.0
,processed,y_true,y_pred,model_id,track_name,,row_id,,70,7.0
,processed,y_true,y_pred,model_id,track_name,,row_id,,70,7.0
,processed,y_true,y_pred,model_id,track_name,,row_id,,70,7.0
,processed,y_true,y_pred,model_id,track_name,,row_id,,70,7.0
,processed,y_true,y_pred,model_id,track_name,,row_id,,70,7.0
,processed,y_true,y_pred,model_id,track_name,,row_id,,4176,12.0
,processed,y_true,y_pred,model_id,track_name,,row_id,,1596,12.0
,processed,y_true,y_pred,model_id,track_name,,row_id,,4608,12.0
,processed,y_true,y_pred,model_id,track_name,y_pred_std,row_id,,28442,2.0
,processed,y_true,y_pred,model_id,track_name,,row_id,,4608,12.0
,processed,y_true,y_pred,model_id,track_name,y_pred_std,row_id,,8000,2.0
,processed,y_true,y_pred,model_id,track_name,y_pred_std,row_id,,8000,2.0
,processed,y_true,y_pred,model_id,track_name,y_pred_std,row_id,,8000,2.0
,processed,y_true,y_pred,model_id,track_name,y_pred_std,row_id,,8000,2.0
,processed,y_true,y_pred,model_id,track_name,y_pred_std,row_id,,8000,2.0
,processed,y_true,y_pred,model_id,track_name,y_pred_std,row_id,,8000,2.0
,processed,y_true,y_pred,model_id,track_name,y_pred_std,row_id,,3000,2.0
,processed,y_true,y_pred,model_id,track_name,y_pred_std,row_id,,20,2.0
,processed,y_true,y_pred,model_id,track_name,y_pred_std,row_id,,20,2.0
,processed,y_true,y_pred,model_id,track_name,y_pred_std,row_id,,20,2.0
,processed,y_true,y_pred,model_id,track_name,y_pred_std,row_id,,20,2.0
,processed,y_true,y_pred,model_id,track_name,y_pred_std,row_id,,20,2.0
,processed,y_true,y_pred,model_id,track_name,y_pred_std,row_id,,266,2.0
