track_name,model_name,coverage,n_retained,mae_retained,median_abs_error_retained,mean_uncertainty_retained
extra_test_inregime_predictions_v0,T05_uncertainty_ensemble_proxy,0.1,2000,6.763071309144888,6.669922029189571,0.1135088403806307
extra_test_inregime_predictions_v0,T05_uncertainty_ensemble_proxy,0.2,4000,6.759420764941599,6.653153106347999,0.1287646477321536
extra_test_inregime_predictions_v0,T05_uncertainty_ensemble_proxy,0.3,6000,6.761648110935431,6.67115542361024,0.1401759961524566
extra_test_inregime_predictions_v0,T05_uncertainty_ensemble_proxy,0.4,8000,6.760247726196823,6.675830936548952,0.1500055428221043
extra_test_inregime_predictions_v0,T05_uncertainty_ensemble_proxy,0.5,10000,6.761553310062703,6.676881901512509,0.1591473499782568
extra_test_inregime_predictions_v0,T05_uncertainty_ensemble_proxy,0.6,12000,6.785060794073851,6.69707193854245,0.1681771038634337
extra_test_inregime_predictions_v0,T05_uncertainty_ensemble_proxy,0.7,14000,6.811184595452557,6.719748686073581,0.1775788369234036
extra_test_inregime_predictions_v0,T05_uncertainty_ensemble_proxy,0.8,16000,6.847789753678232,6.754317091173304,0.1881312227147834
extra_test_inregime_predictions_v0,T05_uncertainty_ensemble_proxy,0.9,18000,6.901158197108796,6.799626577189277,0.2011422030494845
extra_test_inregime_predictions_v0,T05_uncertainty_ensemble_proxy,1.0,20000,7.009110034110123,6.8883564327477576,0.2242684019579187
extra_test_maude_shift_predictions_v0,T05_uncertainty_ensemble_proxy,0.1,2000,7.04209448991631,6.997384171633519,0.0518262435285703
extra_test_maude_shift_predictions_v0,T05_uncertainty_ensemble_proxy,0.2,4000,7.040369875089296,7.025810763811756,0.0599349906378418
extra_test_maude_shift_predictions_v0,T05_uncertainty_ensemble_proxy,0.3,6000,7.061958957055821,7.054774322396451,0.0660232758738741
extra_test_maude_shift_predictions_v0,T05_uncertainty_ensemble_proxy,0.4,8000,7.1043328042149385,7.0866919602296266,0.0713052796396553
extra_test_maude_shift_predictions_v0,T05_uncertainty_ensemble_proxy,0.5,10000,7.15047332512755,7.117370929366242,0.0761724520527903
extra_test_maude_shift_predictions_v0,T05_uncertainty_ensemble_proxy,0.6,12000,7.186193426684516,7.142249864037229,0.080943621363586
extra_test_maude_shift_predictions_v0,T05_uncertainty_ensemble_proxy,0.7,14000,7.235542025645484,7.177726825334443,0.0859281090276081
extra_test_maude_shift_predictions_v0,T05_uncertainty_ensemble_proxy,0.8,16000,7.313883730424112,7.246281559325599,0.0915388486658758
extra_test_maude_shift_predictions_v0,T05_uncertainty_ensemble_proxy,0.9,18000,7.426475869212228,7.333311719440223,0.0986600580246272
extra_test_maude_shift_predictions_v0,T05_uncertainty_ensemble_proxy,1.0,20000,7.656032577058862,7.472474973731937,0.1127479060488475
GSE221384_context_track,T05_uncertainty_ensemble_proxy,0.1,3750,1.2361806423378294,1.103255328611548,0.0983112357736916
GSE221384_context_track,T05_uncertainty_ensemble_proxy,0.2,7500,1.244734585262911,1.113805065355428,0.1097100426197087
GSE221384_context_track,T05_uncertainty_ensemble_proxy,0.3,11250,1.2499431453534022,1.1194507308723094,0.1179983365731235
GSE221384_context_track,T05_uncertainty_ensemble_proxy,0.4,15000,1.2616132719895905,1.1306130541189074,0.1249232732727731
GSE221384_context_track,T05_uncertainty_ensemble_proxy,0.5,18750,1.273041942958195,1.138555792081042,0.1312789395071596
GSE221384_context_track,T05_uncertainty_ensemble_proxy,0.6,22500,1.2828947374396151,1.1471375301618054,0.1374319430150135
GSE221384_context_track,T05_uncertainty_ensemble_proxy,0.7,26250,1.2944680885837865,1.1592676767849932,0.143598415227292
GSE221384_context_track,T05_uncertainty_ensemble_proxy,0.8,30000,1.3008242436487432,1.1651947838057577,0.1501179884020679
GSE221384_context_track,T05_uncertainty_ensemble_proxy,0.9,33750,1.3134069487809017,1.1815226234997445,0.1574377312867751
GSE221384_context_track,T05_uncertainty_ensemble_proxy,1.0,37500,1.3292566681355409,1.1936194989275184,0.1681430349232917
PARM_GSE301246_held_out_context_track,T05_uncertainty_ensemble_proxy,0.1,150,13.834778464559054,11.865230056035344,7.513796733259202
PARM_GSE301246_held_out_context_track,T05_uncertainty_ensemble_proxy,0.2,300,15.326513971123097,11.865230056035344,8.635560496793527
PARM_GSE301246_held_out_context_track,T05_uncertainty_ensemble_proxy,0.3,450,16.402767577903738,11.684056607818334,9.524890073510846
PARM_GSE301246_held_out_context_track,T05_uncertainty_ensemble_proxy,0.4,600,17.090636868578954,11.822573208882442,10.281958670897495
PARM_GSE301246_held_out_context_track,T05_uncertainty_ensemble_proxy,0.5,750,18.28192447287955,12.519020567159338,10.966361602508174
PARM_GSE301246_held_out_context_track,T05_uncertainty_ensemble_proxy,0.6,900,19.09071861331476,12.80916530024628,11.647768604939609
PARM_GSE301246_held_out_context_track,T05_uncertainty_ensemble_proxy,0.7,1050,20.895501233693505,13.488094370862944,12.438323906406174
PARM_GSE301246_held_out_context_track,T05_uncertainty_ensemble_proxy,0.8,1200,21.755335445947864,13.788298080789124,13.3527369954577
PARM_GSE301246_held_out_context_track,T05_uncertainty_ensemble_proxy,0.9,1350,22.82522635915563,14.06137980369128,14.571897746767624
PARM_GSE301246_held_out_context_track,T05_uncertainty_ensemble_proxy,1.0,1500,28.49090057274019,15.649021228060697,17.446159874671814
PARM_GSE301246_held_out_context_track_2,T05_uncertainty_ensemble_proxy,0.1,3750,53.22790914022474,45.092988936727565,9.287107404720768
PARM_GSE301246_held_out_context_track_2,T05_uncertainty_ensemble_proxy,0.2,7500,54.7485443441166,46.63802538913558,10.62731234841274
PARM_GSE301246_held_out_context_track_2,T05_uncertainty_ensemble_proxy,0.3,11250,57.39953941587102,48.387445483544624,11.67050463332594
PARM_GSE301246_held_out_context_track_2,T05_uncertainty_ensemble_proxy,0.4,15000,59.92986446296011,50.23359250734262,12.643998592021909
PARM_GSE301246_held_out_context_track_2,T05_uncertainty_ensemble_proxy,0.5,18750,62.91357369273367,52.52021599329841,13.639387870285749
PARM_GSE301246_held_out_context_track_2,T05_uncertainty_ensemble_proxy,0.6,22500,66.67909838756016,55.1818624404964,14.692747353201447
PARM_GSE301246_held_out_context_track_2,T05_uncertainty_ensemble_proxy,0.7,26250,71.1040539226329,58.01356904076147,15.829125084962252
PARM_GSE301246_held_out_context_track_2,T05_uncertainty_ensemble_proxy,0.8,30000,76.38152075759312,61.20161040514359,17.05661123257511
PARM_GSE301246_held_out_context_track_2,T05_uncertainty_ensemble_proxy,0.9,33750,84.071638126479,65.48038946099288,18.4659716501311
PARM_GSE301246_held_out_context_track_2,T05_uncertainty_ensemble_proxy,1.0,37500,96.32055262838011,70.35133426233726,20.941639628210567
PARM_GSE301246_held_out_context_track_TaskB,T05_uncertainty_ensemble_proxy,0.1,13,0.6092259399033828,0.5301355054351092,0.2136859874909807
PARM_GSE301246_held_out_context_track_TaskB,T05_uncertainty_ensemble_proxy,0.2,27,0.5994258002212338,0.5301355054351092,0.2583949452946817
PARM_GSE301246_held_out_context_track_TaskB,T05_uncertainty_ensemble_proxy,0.3,40,0.5416473225705355,0.443478793651421,0.290053478798744
PARM_GSE301246_held_out_context_track_TaskB,T05_uncertainty_ensemble_proxy,0.4,53,0.5535750549068605,0.4672777910647853,0.3172554383194161
PARM_GSE301246_held_out_context_track_TaskB,T05_uncertainty_ensemble_proxy,0.5,66,0.563304687315798,0.4585667609243995,0.3423582731149066
PARM_GSE301246_held_out_context_track_TaskB,T05_uncertainty_ensemble_proxy,0.6,80,0.5642230120222502,0.4585667609243995,0.3689780358154376
PARM_GSE301246_held_out_context_track_TaskB,T05_uncertainty_ensemble_proxy,0.7,93,0.5618550583852618,0.4498557307840138,0.396090611818172
PARM_GSE301246_held_out_context_track_TaskB,T05_uncertainty_ensemble_proxy,0.8,106,0.5406958374723287,0.4235156289813012,0.4250789723131134
PARM_GSE301246_held_out_context_track_TaskB,T05_uncertainty_ensemble_proxy,0.9,120,0.5451068225040935,0.4282462561561555,0.46093947908601
PARM_GSE301246_held_out_context_track_TaskB,T05_uncertainty_ensemble_proxy,1.0,133,0.5466157507958869,0.4321088083672431,0.5159146804143947
Random_Promoter_DREAM_base_track_5,T05_uncertainty_ensemble_proxy,0.1,1422,0.1933161953403653,0.1486179648907015,0.0281678601995347
Random_Promoter_DREAM_base_track_5,T05_uncertainty_ensemble_proxy,0.2,2844,0.2221844441768257,0.1649692293309918,0.0340127641806949
Random_Promoter_DREAM_base_track_5,T05_uncertainty_ensemble_proxy,0.3,4266,0.24164107971789,0.177464533877678,0.0382871416182568
Random_Promoter_DREAM_base_track_5,T05_uncertainty_ensemble_proxy,0.4,5688,0.2599403496725497,0.1903632503353623,0.0419628948770559
Random_Promoter_DREAM_base_track_5,T05_uncertainty_ensemble_proxy,0.5,7110,0.2780357148482051,0.2081047590063446,0.0454181022119465
Random_Promoter_DREAM_base_track_5,T05_uncertainty_ensemble_proxy,0.6,8533,0.2928762509080189,0.2216908105127218,0.0487880105250611
Random_Promoter_DREAM_base_track_5,T05_uncertainty_ensemble_proxy,0.7,9955,0.3066505344324779,0.232739401001326,0.0521820729339263
Random_Promoter_DREAM_base_track_5,T05_uncertainty_ensemble_proxy,0.8,11377,0.318094035494726,0.243006886304696,0.0557903167283906
Random_Promoter_DREAM_base_track_5,T05_uncertainty_ensemble_proxy,0.9,12799,0.3286251014931696,0.2527391136605965,0.0600469680332592
Random_Promoter_DREAM_base_track_5,T05_uncertainty_ensemble_proxy,1.0,14221,0.3373048735674001,0.2606784732632808,0.0681447384811767
