track_name,model_name,uncertainty_bin,n,mean_uncertainty,mean_abs_error
extra_test_inregime_predictions_v0,T05_uncertainty_ensemble_proxy,"(0.999, 4000.8]",4000,0.1287646477321536,6.759420764941599
extra_test_inregime_predictions_v0,T05_uncertainty_ensemble_proxy,"(4000.8, 8000.6]",4000,0.1712464379120551,6.761074687452048
extra_test_inregime_predictions_v0,T05_uncertainty_ensemble_proxy,"(8000.6, 12000.4]",4000,0.2045202259460926,6.834686929827905
extra_test_inregime_predictions_v0,T05_uncertainty_ensemble_proxy,"(12000.4, 16000.2]",4000,0.2479935792688323,7.035976632491374
extra_test_inregime_predictions_v0,T05_uncertainty_ensemble_proxy,"(16000.2, 20000.0]",4000,0.3688171189304604,7.65439115583769
extra_test_maude_shift_predictions_v0,T05_uncertainty_ensemble_proxy,"(0.999, 4000.8]",4000,0.0599349906378419,7.040369875089296
extra_test_maude_shift_predictions_v0,T05_uncertainty_ensemble_proxy,"(4000.8, 8000.6]",4000,0.0826755686414688,7.168295733340581
extra_test_maude_shift_predictions_v0,T05_uncertainty_ensemble_proxy,"(8000.6, 12000.4]",4000,0.1002203048114474,7.349914671623666
extra_test_maude_shift_predictions_v0,T05_uncertainty_ensemble_proxy,"(12000.4, 16000.2]",4000,0.1233245305727455,7.696954641642904
extra_test_maude_shift_predictions_v0,T05_uncertainty_ensemble_proxy,"(16000.2, 20000.0]",4000,0.197584135580734,9.024627963597862
extra_val_inregime_predictions_v0,T05_uncertainty_ensemble_proxy,"(0.999, 4000.8]",4000,0.1242061589931412,6.780899764382344
extra_val_inregime_predictions_v0,T05_uncertainty_ensemble_proxy,"(4000.8, 8000.6]",4000,0.164649419563737,6.811374991807358
extra_val_inregime_predictions_v0,T05_uncertainty_ensemble_proxy,"(8000.6, 12000.4]",4000,0.1960160124622346,6.926274902521661
extra_val_inregime_predictions_v0,T05_uncertainty_ensemble_proxy,"(12000.4, 16000.2]",4000,0.2361422699793058,7.077071623293872
extra_val_inregime_predictions_v0,T05_uncertainty_ensemble_proxy,"(16000.2, 20000.0]",4000,0.3473525404995092,7.748095028277534
GSE221384_context_track,T05_uncertainty_ensemble_proxy,"(0.999, 7500.8]",7500,0.1097100426197087,1.2447345852629113
GSE221384_context_track,T05_uncertainty_ensemble_proxy,"(7500.8, 15000.6]",7500,0.1401365039258376,1.2784919587162695
GSE221384_context_track,T05_uncertainty_ensemble_proxy,"(15000.6, 22500.4]",7500,0.1624492824994943,1.3254576683396653
GSE221384_context_track,T05_uncertainty_ensemble_proxy,"(22500.4, 30000.2]",7500,0.1881761245632311,1.3546127622761277
GSE221384_context_track,T05_uncertainty_ensemble_proxy,"(30000.2, 37500.0]",7500,0.2402432210081868,1.442986366082732
PARM_GSE301246_held_out_context_track,T05_uncertainty_ensemble_proxy,"(0.999, 300.8]",300,8.635560496793527,15.3265139711231
PARM_GSE301246_held_out_context_track,T05_uncertainty_ensemble_proxy,"(300.8, 600.6]",300,11.92835684500146,18.854759766034817
PARM_GSE301246_held_out_context_track,T05_uncertainty_ensemble_proxy,"(600.6, 900.4]",300,14.379388473023836,23.090882102786352
PARM_GSE301246_held_out_context_track,T05_uncertainty_ensemble_proxy,"(900.4, 1200.2]",300,18.46764216701197,29.749185943847188
PARM_GSE301246_held_out_context_track,T05_uncertainty_ensemble_proxy,"(1200.2, 1500.0]",300,33.819851391528275,55.4331610799095
PARM_GSE301246_held_out_context_track_2,T05_uncertainty_ensemble_proxy,"(0.999, 7500.8]",7500,10.62731234841274,54.7485443441166
PARM_GSE301246_held_out_context_track_2,T05_uncertainty_ensemble_proxy,"(7500.8, 15000.6]",7500,14.660684835631072,65.11118458180364
PARM_GSE301246_held_out_context_track_2,T05_uncertainty_ensemble_proxy,"(15000.6, 22500.4]",7500,18.79024487556053,80.17756623676028
PARM_GSE301246_held_out_context_track_2,T05_uncertainty_ensemble_proxy,"(22500.4, 30000.2]",7500,24.1482028706961,105.48878786769198
PARM_GSE301246_held_out_context_track_2,T05_uncertainty_ensemble_proxy,"(30000.2, 37500.0]",7500,36.4817532107524,176.0766801115282
PARM_GSE301246_held_out_context_track_3,T05_uncertainty_ensemble_proxy,"(0.999, 2.8]",2,16.990239608250036,399.03434988420935
PARM_GSE301246_held_out_context_track_3,T05_uncertainty_ensemble_proxy,"(2.8, 4.6]",2,22.254103128750906,66.2008092303596
PARM_GSE301246_held_out_context_track_3,T05_uncertainty_ensemble_proxy,"(4.6, 6.4]",2,23.5914380501925,189.02523885279857
PARM_GSE301246_held_out_context_track_3,T05_uncertainty_ensemble_proxy,"(6.4, 8.2]",2,27.69435875969834,109.09014796008704
PARM_GSE301246_held_out_context_track_3,T05_uncertainty_ensemble_proxy,"(8.2, 10.0]",2,29.24806238741637,58.02506321400199
PARM_GSE301246_held_out_context_track_4,T05_uncertainty_ensemble_proxy,"(0.999, 2.8]",2,6.818222386219086,41.00682520250008
PARM_GSE301246_held_out_context_track_4,T05_uncertainty_ensemble_proxy,"(2.8, 4.6]",2,9.619759071502065,45.56975805791379
PARM_GSE301246_held_out_context_track_4,T05_uncertainty_ensemble_proxy,"(4.6, 6.4]",2,12.059066978478963,169.97996696395035
PARM_GSE301246_held_out_context_track_4,T05_uncertainty_ensemble_proxy,"(6.4, 8.2]",2,12.529997754785462,43.22809947279087
PARM_GSE301246_held_out_context_track_4,T05_uncertainty_ensemble_proxy,"(8.2, 10.0]",2,22.875414416494333,66.2966469203977
PARM_GSE301246_held_out_context_track_5,T05_uncertainty_ensemble_proxy,"(0.999, 2.8]",2,3.97079253659768,11.836773335689188
PARM_GSE301246_held_out_context_track_5,T05_uncertainty_ensemble_proxy,"(2.8, 4.6]",2,4.519262631783263,45.8476802387342
PARM_GSE301246_held_out_context_track_5,T05_uncertainty_ensemble_proxy,"(4.6, 6.4]",2,5.872829938594555,15.541893188764243
PARM_GSE301246_held_out_context_track_5,T05_uncertainty_ensemble_proxy,"(6.4, 8.2]",2,6.626495899557305,21.428716436476293
PARM_GSE301246_held_out_context_track_5,T05_uncertainty_ensemble_proxy,"(8.2, 10.0]",2,8.496720494433,29.49052266845144
PARM_GSE301246_held_out_context_track_6,T05_uncertainty_ensemble_proxy,"(0.999, 2.8]",2,4.877364764783356,27.54473539401576
PARM_GSE301246_held_out_context_track_6,T05_uncertainty_ensemble_proxy,"(2.8, 4.6]",2,6.656496307203827,35.49729670676507
PARM_GSE301246_held_out_context_track_6,T05_uncertainty_ensemble_proxy,"(4.6, 6.4]",2,8.10420317498549,30.15816129522659
PARM_GSE301246_held_out_context_track_6,T05_uncertainty_ensemble_proxy,"(6.4, 8.2]",2,8.95856652477526,31.95344415078685
PARM_GSE301246_held_out_context_track_6,T05_uncertainty_ensemble_proxy,"(8.2, 10.0]",2,9.428563946846708,29.88053244434029
PARM_GSE301246_held_out_context_track_7,T05_uncertainty_ensemble_proxy,"(0.999, 2.8]",2,1766.6448863750034,10566.728489385465
PARM_GSE301246_held_out_context_track_7,T05_uncertainty_ensemble_proxy,"(2.8, 4.6]",2,1896.0405227950585,19578.8766953866
PARM_GSE301246_held_out_context_track_7,T05_uncertainty_ensemble_proxy,"(4.6, 6.4]",2,2047.6087668288096,8879.361652965872
PARM_GSE301246_held_out_context_track_7,T05_uncertainty_ensemble_proxy,"(6.4, 8.2]",2,2224.048979857156,1398.9805916700352
PARM_GSE301246_held_out_context_track_7,T05_uncertainty_ensemble_proxy,"(8.2, 10.0]",2,2925.251145473157,15200.756319371692
PARM_GSE301246_held_out_context_track_TaskB,T05_uncertainty_ensemble_proxy,"(0.999, 27.4]",27,0.2583949452946817,0.5994258002212339
PARM_GSE301246_held_out_context_track_TaskB,T05_uncertainty_ensemble_proxy,"(27.4, 53.8]",26,0.3783797964604865,0.5059608193880883
PARM_GSE301246_held_out_context_track_TaskB,T05_uncertainty_ensemble_proxy,"(53.8, 80.2]",27,0.4705075790483689,0.5851245574709782
PARM_GSE301246_held_out_context_track_TaskB,T05_uncertainty_ensemble_proxy,"(80.2, 106.6]",26,0.597697238459808,0.4683045311648782
PARM_GSE301246_held_out_context_track_TaskB,T05_uncertainty_ensemble_proxy,"(106.6, 133.0]",27,0.8725289418490546,0.5698568919920781
PARM_GSE301246_Task_C_stress_test,T05_uncertainty_ensemble_proxy,"(0.999, 6596.0]",6596,0.0130088395404252,0.0662622699721937
PARM_GSE301246_Task_C_stress_test,T05_uncertainty_ensemble_proxy,"(6596.0, 13191.0]",6595,0.0177623691701585,0.0737424261312434
PARM_GSE301246_Task_C_stress_test,T05_uncertainty_ensemble_proxy,"(13191.0, 19786.0]",6595,0.0214341267022115,0.0809646468625693
PARM_GSE301246_Task_C_stress_test,T05_uncertainty_ensemble_proxy,"(19786.0, 26381.0]",6595,0.026197190828012,0.0921529095005946
PARM_GSE301246_Task_C_stress_test,T05_uncertainty_ensemble_proxy,"(26381.0, 32976.0]",6595,0.0391802146933505,0.1524310473463093
Random_Promoter_DREAM_base_track,T05_uncertainty_ensemble_proxy,"(0.999, 17913.2]",17913,0.1580556429359156,6.115868040930238
Random_Promoter_DREAM_base_track,T05_uncertainty_ensemble_proxy,"(17913.2, 35825.4]",17912,0.2106978391822749,5.04998863418108
Random_Promoter_DREAM_base_track,T05_uncertainty_ensemble_proxy,"(35825.4, 53737.6]",17912,0.2519632314174402,4.409196540161197
Random_Promoter_DREAM_base_track,T05_uncertainty_ensemble_proxy,"(53737.6, 71649.8]",17912,0.3019524991649679,3.789654951074799
Random_Promoter_DREAM_base_track,T05_uncertainty_ensemble_proxy,"(71649.8, 89562.0]",17913,0.4328024378970194,3.376043698482248
Random_Promoter_DREAM_base_track_10,T05_uncertainty_ensemble_proxy,"(0.999, 4000.8]",4000,0.1481997076141498,1.577527312789513
Random_Promoter_DREAM_base_track_10,T05_uncertainty_ensemble_proxy,"(4000.8, 8000.6]",4000,0.1946848083599222,1.5647525181965969
Random_Promoter_DREAM_base_track_10,T05_uncertainty_ensemble_proxy,"(8000.6, 12000.4]",4000,0.2301051642341761,1.571163884635669
Random_Promoter_DREAM_base_track_10,T05_uncertainty_ensemble_proxy,"(12000.4, 16000.2]",4000,0.273269076267648,1.5357541356824735
Random_Promoter_DREAM_base_track_10,T05_uncertainty_ensemble_proxy,"(16000.2, 20000.0]",4000,0.3849112246196534,1.48845842194155
Random_Promoter_DREAM_base_track_11,T05_uncertainty_ensemble_proxy,"(0.999, 800.8]",800,0.3536894155019348,1.614811272860297
Random_Promoter_DREAM_base_track_11,T05_uncertainty_ensemble_proxy,"(800.8, 1600.6]",800,0.463291328496953,1.671406074210796
Random_Promoter_DREAM_base_track_11,T05_uncertainty_ensemble_proxy,"(1600.6, 2400.4]",800,0.5501691978085759,1.7149707748807097
Random_Promoter_DREAM_base_track_11,T05_uncertainty_ensemble_proxy,"(2400.4, 3200.2]",800,0.661634495277084,1.6915361074689894
Random_Promoter_DREAM_base_track_11,T05_uncertainty_ensemble_proxy,"(3200.2, 4000.0]",800,0.9948280852490088,1.7518488227121924
Random_Promoter_DREAM_base_track_12,T05_uncertainty_ensemble_proxy,"(0.999, 800.8]",800,0.3476634468863659,1.6858332309498711
Random_Promoter_DREAM_base_track_12,T05_uncertainty_ensemble_proxy,"(800.8, 1600.6]",800,0.4600091668316672,1.6698419455410736
Random_Promoter_DREAM_base_track_12,T05_uncertainty_ensemble_proxy,"(1600.6, 2400.4]",800,0.5470931142587868,1.5437234368498838
Random_Promoter_DREAM_base_track_12,T05_uncertainty_ensemble_proxy,"(2400.4, 3200.2]",800,0.6574431462425467,1.654488614055552
Random_Promoter_DREAM_base_track_12,T05_uncertainty_ensemble_proxy,"(3200.2, 4000.0]",800,1.014976505279832,1.6840321044870488
Random_Promoter_DREAM_base_track_13,T05_uncertainty_ensemble_proxy,"(0.999, 800.8]",800,0.066332432214939,0.226578722072433
Random_Promoter_DREAM_base_track_13,T05_uncertainty_ensemble_proxy,"(800.8, 1600.6]",800,0.0978899622980656,0.3168131935933186
Random_Promoter_DREAM_base_track_13,T05_uncertainty_ensemble_proxy,"(1600.6, 2400.4]",800,0.123589065386523,0.3971394309247998
Random_Promoter_DREAM_base_track_13,T05_uncertainty_ensemble_proxy,"(2400.4, 3200.2]",800,0.1542416294310946,0.4240047429717772
Random_Promoter_DREAM_base_track_13,T05_uncertainty_ensemble_proxy,"(3200.2, 4000.0]",800,0.2651338284617591,0.4478696135207549
Random_Promoter_DREAM_base_track_14,T05_uncertainty_ensemble_proxy,"(0.999, 4000.8]",4000,0.1467083460328628,1.6313549823249698
Random_Promoter_DREAM_base_track_14,T05_uncertainty_ensemble_proxy,"(4000.8, 8000.6]",4000,0.1944300013801775,1.5894445603049745
Random_Promoter_DREAM_base_track_14,T05_uncertainty_ensemble_proxy,"(8000.6, 12000.4]",4000,0.2307244604163144,1.5513961363242188
Random_Promoter_DREAM_base_track_14,T05_uncertainty_ensemble_proxy,"(12000.4, 16000.2]",4000,0.2745087105023246,1.5363805795994927
Random_Promoter_DREAM_base_track_14,T05_uncertainty_ensemble_proxy,"(16000.2, 20000.0]",4000,0.3916128286075359,1.5251135113314596
Random_Promoter_DREAM_base_track_15,T05_uncertainty_ensemble_proxy,"(0.999, 4000.8]",4000,0.1455872689988161,1.6304839949291463
Random_Promoter_DREAM_base_track_15,T05_uncertainty_ensemble_proxy,"(4000.8, 8000.6]",4000,0.1922876392021069,1.5738789363222003
Random_Promoter_DREAM_base_track_15,T05_uncertainty_ensemble_proxy,"(8000.6, 12000.4]",4000,0.2275294175500601,1.5371755249736707
Random_Promoter_DREAM_base_track_15,T05_uncertainty_ensemble_proxy,"(12000.4, 16000.2]",4000,0.2708198965372079,1.5554813264624443
Random_Promoter_DREAM_base_track_15,T05_uncertainty_ensemble_proxy,"(16000.2, 20000.0]",4000,0.3843028146907571,1.5141833870282708
Random_Promoter_DREAM_base_track_16,T05_uncertainty_ensemble_proxy,"(0.999, 5971.2]",5971,0.1195974473556486,1.6047444301420042
Random_Promoter_DREAM_base_track_16,T05_uncertainty_ensemble_proxy,"(5971.2, 11941.4]",5970,0.157559073023808,1.5810382572884587
Random_Promoter_DREAM_base_track_16,T05_uncertainty_ensemble_proxy,"(11941.4, 17911.6]",5970,0.1865444774836512,1.5717580516764371
Random_Promoter_DREAM_base_track_16,T05_uncertainty_ensemble_proxy,"(17911.6, 23881.8]",5970,0.2207624505364771,1.535958271568224
Random_Promoter_DREAM_base_track_16,T05_uncertainty_ensemble_proxy,"(23881.8, 29852.0]",5971,0.3111362790773895,1.5190830724128763
Random_Promoter_DREAM_base_track_17,T05_uncertainty_ensemble_proxy,"(0.999, 800.8]",800,0.3536894155019348,1.614811272860297
Random_Promoter_DREAM_base_track_17,T05_uncertainty_ensemble_proxy,"(800.8, 1600.6]",800,0.463291328496953,1.671406074210796
Random_Promoter_DREAM_base_track_17,T05_uncertainty_ensemble_proxy,"(1600.6, 2400.4]",800,0.5501691978085759,1.7149707748807097
Random_Promoter_DREAM_base_track_17,T05_uncertainty_ensemble_proxy,"(2400.4, 3200.2]",800,0.661634495277084,1.6915361074689894
Random_Promoter_DREAM_base_track_17,T05_uncertainty_ensemble_proxy,"(3200.2, 4000.0]",800,0.9948280852490088,1.7518488227121924
Random_Promoter_DREAM_base_track_18,T05_uncertainty_ensemble_proxy,"(0.999, 800.8]",800,0.066332432214939,0.226578722072433
Random_Promoter_DREAM_base_track_18,T05_uncertainty_ensemble_proxy,"(800.8, 1600.6]",800,0.0978899622980656,0.3168131935933186
Random_Promoter_DREAM_base_track_18,T05_uncertainty_ensemble_proxy,"(1600.6, 2400.4]",800,0.123589065386523,0.3971394309247998
Random_Promoter_DREAM_base_track_18,T05_uncertainty_ensemble_proxy,"(2400.4, 3200.2]",800,0.1542416294310946,0.4240047429717772
Random_Promoter_DREAM_base_track_18,T05_uncertainty_ensemble_proxy,"(3200.2, 4000.0]",800,0.2651338284617591,0.4478696135207549
Random_Promoter_DREAM_base_track_19,T05_uncertainty_ensemble_proxy,"(0.999, 4000.8]",4000,0.1467083460328628,1.6313549823249698
Random_Promoter_DREAM_base_track_19,T05_uncertainty_ensemble_proxy,"(4000.8, 8000.6]",4000,0.1944300013801775,1.5894445603049745
Random_Promoter_DREAM_base_track_19,T05_uncertainty_ensemble_proxy,"(8000.6, 12000.4]",4000,0.2307244604163144,1.5513961363242188
Random_Promoter_DREAM_base_track_19,T05_uncertainty_ensemble_proxy,"(12000.4, 16000.2]",4000,0.2745087105023246,1.5363805795994927
Random_Promoter_DREAM_base_track_19,T05_uncertainty_ensemble_proxy,"(16000.2, 20000.0]",4000,0.3916128286075359,1.5251135113314596
Random_Promoter_DREAM_base_track_2,T05_uncertainty_ensemble_proxy,"(0.999, 2845.0]",2845,0.034016146652907,0.2221200301343326
Random_Promoter_DREAM_base_track_2,T05_uncertainty_ensemble_proxy,"(2845.0, 5689.0]",2844,0.049917376898794,0.2977211212344496
Random_Promoter_DREAM_base_track_2,T05_uncertainty_ensemble_proxy,"(5689.0, 8533.0]",2844,0.0624357020684446,0.3588124804765029
Random_Promoter_DREAM_base_track_2,T05_uncertainty_ensemble_proxy,"(8533.0, 11377.0]",2844,0.076799697471362,0.3937562562677117
Random_Promoter_DREAM_base_track_2,T05_uncertainty_ensemble_proxy,"(11377.0, 14221.0]",2844,0.1175667695224731,0.4141549807238039
Random_Promoter_DREAM_base_track_20,T05_uncertainty_ensemble_proxy,"(0.999, 800.8]",800,0.3536894155019348,1.614811272860297
Random_Promoter_DREAM_base_track_20,T05_uncertainty_ensemble_proxy,"(800.8, 1600.6]",800,0.463291328496953,1.671406074210796
Random_Promoter_DREAM_base_track_20,T05_uncertainty_ensemble_proxy,"(1600.6, 2400.4]",800,0.5501691978085759,1.7149707748807097
Random_Promoter_DREAM_base_track_20,T05_uncertainty_ensemble_proxy,"(2400.4, 3200.2]",800,0.661634495277084,1.6915361074689894
Random_Promoter_DREAM_base_track_20,T05_uncertainty_ensemble_proxy,"(3200.2, 4000.0]",800,0.9948280852490088,1.7518488227121924
Random_Promoter_DREAM_base_track_3,T05_uncertainty_ensemble_proxy,"(0.999, 6000.8]",6000,0.1191524671801239,1.5863985114358274
Random_Promoter_DREAM_base_track_3,T05_uncertainty_ensemble_proxy,"(6000.8, 12000.6]",6000,0.1581625249452186,1.5816248603629368
Random_Promoter_DREAM_base_track_3,T05_uncertainty_ensemble_proxy,"(12000.6, 18000.4]",6000,0.1876013044133492,1.5677940739154177
Random_Promoter_DREAM_base_track_3,T05_uncertainty_ensemble_proxy,"(18000.4, 24000.2]",6000,0.2226330448139531,1.5625472450888285
Random_Promoter_DREAM_base_track_3,T05_uncertainty_ensemble_proxy,"(24000.2, 30000.0]",6000,0.3146485645154602,1.4931555185768457
Random_Promoter_DREAM_base_track_4,T05_uncertainty_ensemble_proxy,"(0.999, 6000.8]",6000,0.1186573313760022,1.5963142016184086
Random_Promoter_DREAM_base_track_4,T05_uncertainty_ensemble_proxy,"(6000.8, 12000.6]",6000,0.1571601275871714,1.5651984076469925
Random_Promoter_DREAM_base_track_4,T05_uncertainty_ensemble_proxy,"(12000.6, 18000.4]",6000,0.1864365631245535,1.5553490061121495
Random_Promoter_DREAM_base_track_4,T05_uncertainty_ensemble_proxy,"(18000.4, 24000.2]",6000,0.2214935900734984,1.570051685443681
Random_Promoter_DREAM_base_track_4,T05_uncertainty_ensemble_proxy,"(24000.2, 30000.0]",6000,0.3130236141201625,1.5257303629354346
Random_Promoter_DREAM_base_track_5,T05_uncertainty_ensemble_proxy,"(0.999, 2845.0]",2845,0.034016146652907,0.2221200301343326
Random_Promoter_DREAM_base_track_5,T05_uncertainty_ensemble_proxy,"(2845.0, 5689.0]",2844,0.049917376898794,0.2977211212344496
Random_Promoter_DREAM_base_track_5,T05_uncertainty_ensemble_proxy,"(5689.0, 8533.0]",2844,0.0624357020684446,0.3588124804765029
Random_Promoter_DREAM_base_track_5,T05_uncertainty_ensemble_proxy,"(8533.0, 11377.0]",2844,0.076799697471362,0.3937562562677117
Random_Promoter_DREAM_base_track_5,T05_uncertainty_ensemble_proxy,"(11377.0, 14221.0]",2844,0.1175667695224731,0.4141549807238039
Random_Promoter_DREAM_base_track_6,T05_uncertainty_ensemble_proxy,"(0.999, 6000.8]",6000,0.1182740979201705,1.574439292237079
Random_Promoter_DREAM_base_track_6,T05_uncertainty_ensemble_proxy,"(6000.8, 12000.6]",6000,0.156729229714275,1.579819614236627
Random_Promoter_DREAM_base_track_6,T05_uncertainty_ensemble_proxy,"(12000.6, 18000.4]",6000,0.185999011738191,1.5797392623927184
Random_Promoter_DREAM_base_track_6,T05_uncertainty_ensemble_proxy,"(18000.4, 24000.2]",6000,0.2200843084262496,1.5478035113480375
Random_Promoter_DREAM_base_track_6,T05_uncertainty_ensemble_proxy,"(24000.2, 30000.0]",6000,0.310464330964005,1.5036007093883554
Random_Promoter_DREAM_base_track_7,T05_uncertainty_ensemble_proxy,"(0.999, 6000.8]",6000,0.1188317140424777,1.5802899127497778
Random_Promoter_DREAM_base_track_7,T05_uncertainty_ensemble_proxy,"(6000.8, 12000.6]",6000,0.1569376961910227,1.5747495204252924
Random_Promoter_DREAM_base_track_7,T05_uncertainty_ensemble_proxy,"(12000.6, 18000.4]",6000,0.1863526817797478,1.5474843121345805
Random_Promoter_DREAM_base_track_7,T05_uncertainty_ensemble_proxy,"(18000.4, 24000.2]",6000,0.2214160703769528,1.523873748352976
Random_Promoter_DREAM_base_track_7,T05_uncertainty_ensemble_proxy,"(24000.2, 30000.0]",6000,0.312775510117889,1.498190436473945
Random_Promoter_DREAM_base_track_8,T05_uncertainty_ensemble_proxy,"(0.999, 800.8]",800,0.3401257428073099,1.589306133618995
Random_Promoter_DREAM_base_track_8,T05_uncertainty_ensemble_proxy,"(800.8, 1600.6]",800,0.4609095986068814,1.6003703930893411
Random_Promoter_DREAM_base_track_8,T05_uncertainty_ensemble_proxy,"(1600.6, 2400.4]",800,0.5516321002032043,1.5790392057652465
Random_Promoter_DREAM_base_track_8,T05_uncertainty_ensemble_proxy,"(2400.4, 3200.2]",800,0.665951126400735,1.6894636026414196
Random_Promoter_DREAM_base_track_8,T05_uncertainty_ensemble_proxy,"(3200.2, 4000.0]",800,1.0645740383267768,1.7153455296085411
Random_Promoter_DREAM_base_track_9,T05_uncertainty_ensemble_proxy,"(0.999, 800.8]",800,0.066332432214939,0.226578722072433
Random_Promoter_DREAM_base_track_9,T05_uncertainty_ensemble_proxy,"(800.8, 1600.6]",800,0.0978899622980656,0.3168131935933186
Random_Promoter_DREAM_base_track_9,T05_uncertainty_ensemble_proxy,"(1600.6, 2400.4]",800,0.123589065386523,0.3971394309247998
Random_Promoter_DREAM_base_track_9,T05_uncertainty_ensemble_proxy,"(2400.4, 3200.2]",800,0.1542416294310946,0.4240047429717772
Random_Promoter_DREAM_base_track_9,T05_uncertainty_ensemble_proxy,"(3200.2, 4000.0]",800,0.2651338284617591,0.4478696135207549
